"name","lat","lon","A_in_2km","competitor_groups_2km","comp_stores_2km","is_competing_shoken","is_concern","category"
"ツルハドラッグ松前調剤薬局",41.4256478,140.0852915,0,0,0,FALSE,FALSE,"重複なし(企業結合の影響なし)"
"ツルハドラッグ",40.5849561,140.5001305,2,18,18,TRUE,FALSE,"競争維持(競争者2グループ以上)"
"ツルハドラッグ",40.511837,141.4952582,10,12,16,TRUE,FALSE,"競争維持(競争者2グループ以上)"
"ツルハドラッグ",40.5171947,141.4874305,7,9,15,TRUE,FALSE,"競争維持(競争者2グループ以上)"
"ツルハドラッグ 八戸市民病院前店",40.4949474,141.5143701,8,9,10,TRUE,FALSE,"競争維持(競争者2グループ以上)"
"ツルハドラッグ 八戸江陽店",40.5234789,141.5019837,4,9,12,TRUE,FALSE,"競争維持(競争者2グループ以上)"
"ツルハドラッグ 八戸小中野店",40.519107,141.5127798,7,11,15,TRUE,FALSE,"競争維持(競争者2グループ以上)"
"ツルハドラッグ 八戸諏訪店",40.5080282,141.5122189,10,15,17,TRUE,FALSE,"競争維持(競争者2グループ以上)"
"ツルハドラッグ",40.5372358,141.4891921,2,6,10,TRUE,FALSE,"競争維持(競争者2グループ以上)"
"ツルハドラッグ",40.5343046,141.4774109,3,9,13,TRUE,FALSE,"競争維持(競争者2グループ以上)"
"ツルハドラッグ 福地南部店",40.467742200000004,141.38808,0,3,3,FALSE,FALSE,"重複なし(企業結合の影響なし)"
"ツルハドラッグ 三戸店",40.3972486,141.2631967,1,4,4,TRUE,FALSE,"競争維持(競争者2グループ以上)"
"ツルハドラッグ",40.2309986,140.3835643,2,8,8,TRUE,FALSE,"競争維持(競争者2グループ以上)"
"ツルハドラッグ 野辺地店",40.8636003,141.1266209,1,2,2,TRUE,FALSE,"競争維持(競争者2グループ以上)"
"ツルハドラッグ",40.514151,141.5354577,4,9,9,TRUE,FALSE,"競争維持(競争者2グループ以上)"
"ツルハドラッグ 十和田店",40.6126826,141.2004666,6,17,20,TRUE,FALSE,"競争維持(競争者2グループ以上)"
"ツルハドラッグ",40.6212889,141.212025,4,17,19,TRUE,FALSE,"競争維持(競争者2グループ以上)"
"ツルハドラッグ",40.6075162,141.2211544,3,19,22,TRUE,FALSE,"競争維持(競争者2グループ以上)"
"ツルハドラッグ",40.7972608,140.7622215,6,7,7,TRUE,FALSE,"競争維持(競争者2グループ以上)"
"ツルハドラッグ",40.8088148,140.7347398,11,7,7,TRUE,FALSE,"競争維持(競争者2グループ以上)"
"ツルハドラッグ",40.8390809,140.7191252,4,10,13,TRUE,FALSE,"競争維持(競争者2グループ以上)"
"ツルハドラッグ",40.8325747,140.711706,4,17,21,TRUE,FALSE,"競争維持(競争者2グループ以上)"
"ツルハドラッグ 八戸大杉平店",40.5008151,141.4816354,5,8,8,TRUE,FALSE,"競争維持(競争者2グループ以上)"
"ツルハドラッグ",40.589518,140.4558015,6,17,22,TRUE,FALSE,"競争維持(競争者2グループ以上)"
"ツルハドラッグ",40.2485617,140.5750727,0,1,1,FALSE,FALSE,"重複なし(企業結合の影響なし)"
"ツルハドラッグ",41.293668,141.2068304,3,14,16,TRUE,FALSE,"競争維持(競争者2グループ以上)"
"ツルハドラッグ",40.8000205,140.4559208,3,17,18,TRUE,FALSE,"競争維持(競争者2グループ以上)"
"ツルハドラッグ",40.510874,141.4741417,6,9,11,TRUE,FALSE,"競争維持(競争者2グループ以上)"
"ツルハドラッグ",40.5915894,140.5669716,1,6,7,TRUE,FALSE,"競争維持(競争者2グループ以上)"
"ツルハドラッグ",40.582259,140.4757072,3,20,28,TRUE,FALSE,"競争維持(競争者2グループ以上)"
"ツルハドラッグ",40.2872797,140.5833731,1,9,9,TRUE,FALSE,"競争維持(競争者2グループ以上)"
"ツルハドラッグ",40.4883212,141.509103,7,7,8,TRUE,FALSE,"競争維持(競争者2グループ以上)"
"ツルハドラッグ",40.5758371,140.4932266,1,10,11,TRUE,FALSE,"競争維持(競争者2グループ以上)"
"ツルハドラッグ",40.6009608,140.4794281,6,29,36,TRUE,FALSE,"競争維持(競争者2グループ以上)"
"ツルハドラッグ",40.6743099,141.372593,4,19,19,TRUE,FALSE,"競争維持(競争者2グループ以上)"
"ツルハドラッグ",40.6884387,141.3888404,2,8,10,TRUE,FALSE,"競争維持(競争者2グループ以上)"
"ツルハドラッグ",40.8020951,140.4612646,3,17,18,TRUE,FALSE,"競争維持(競争者2グループ以上)"
"ツルハドラッグ",40.5076344,141.5437013,4,6,6,TRUE,FALSE,"競争維持(競争者2グループ以上)"
"ツルハドラッグ",40.5964173,140.4985986,3,29,31,TRUE,FALSE,"競争維持(競争者2グループ以上)"
"ツルハドラッグ",40.6025935,140.5063918,2,18,18,TRUE,FALSE,"競争維持(競争者2グループ以上)"
"ツルハドラッグ",40.828807,140.7537777,7,8,9,TRUE,FALSE,"競争維持(競争者2グループ以上)"
"ツルハドラッグ",40.8303826,140.7692647,10,8,8,TRUE,FALSE,"競争維持(競争者2グループ以上)"
"ツルハドラッグ",40.2741621,140.5381375,2,8,8,TRUE,FALSE,"競争維持(競争者2グループ以上)"
"ツルハドラッグ",40.2009697,140.7932907,0,1,1,FALSE,FALSE,"重複なし(企業結合の影響なし)"
"ツルハドラッグ",40.2079992,140.234419,0,2,2,FALSE,FALSE,"重複なし(企業結合の影響なし)"
"ツルハドラッグ",40.6154583,140.4899073,4,25,26,TRUE,FALSE,"競争維持(競争者2グループ以上)"
"ツルハドラッグ",40.2627748,140.7688879,2,1,1,TRUE,TRUE,"懸念:複占化(結合後の競争者1)"
"ツルハドラッグ",40.6198777,140.4587919,2,9,9,TRUE,FALSE,"競争維持(競争者2グループ以上)"
"ツルハドラッグ",40.8087849,140.4424159,1,13,15,TRUE,FALSE,"競争維持(競争者2グループ以上)"
"ツルハドラッグ",40.29629,140.5593387,1,10,11,TRUE,FALSE,"競争維持(競争者2グループ以上)"
"ツルハドラッグ 青森新城店",40.8283415,140.6759884,2,10,11,TRUE,FALSE,"競争維持(競争者2グループ以上)"
"ツルハドラッグ",40.7061455,140.4554109,1,6,7,TRUE,FALSE,"競争維持(競争者2グループ以上)"
"ツルハドラッグ",40.783967,140.4622329,2,13,13,TRUE,FALSE,"競争維持(競争者2グループ以上)"
"ツルハドラッグ",40.8095384,140.4596649,1,16,17,TRUE,FALSE,"競争維持(競争者2グループ以上)"
"ツルハドラッグ",40.6462872,140.6019753,1,8,10,TRUE,FALSE,"競争維持(競争者2グループ以上)"
"ツルハドラッグ",40.8020487,140.4013496,4,6,8,TRUE,FALSE,"競争維持(競争者2グループ以上)"
"ツルハドラッグ",40.7205295,140.589408,1,4,4,TRUE,FALSE,"競争維持(競争者2グループ以上)"
"ツルハドラッグ",40.8089167,140.7707009,16,14,16,TRUE,FALSE,"競争維持(競争者2グループ以上)"
"ツルハドラッグ",40.8125863,140.7823199,10,11,13,TRUE,FALSE,"競争維持(競争者2グループ以上)"
"ツルハドラッグ",40.2270491,140.0247882,2,2,2,TRUE,FALSE,"競争維持(競争者2グループ以上)"
"ツルハドラッグ",40.2823836,140.5551776,2,13,15,TRUE,FALSE,"競争維持(競争者2グループ以上)"
"ツルハドラッグ 西郷店",37.1394431,140.1526457,0,2,3,FALSE,FALSE,"重複なし(企業結合の影響なし)"
"ツルハドラッグ 白河西店",37.1290616,140.1921818,2,11,13,TRUE,FALSE,"競争維持(競争者2グループ以上)"
"ツルハドラッグ",37.1152386,140.2000617,0,14,14,FALSE,FALSE,"重複なし(企業結合の影響なし)"
"ツルハドラッグ 古河諸川店",36.2021264,139.8078499,3,4,5,TRUE,FALSE,"競争維持(競争者2グループ以上)"
"ツルハドラッグ",36.5594036,139.7658981,2,15,24,TRUE,FALSE,"競争維持(競争者2グループ以上)"
"ツルハドラッグ 宇都宮徳次郎店",36.6450926,139.845933,0,0,0,FALSE,FALSE,"重複なし(企業結合の影響なし)"
"ツルハドラッグ 日光板橋店",36.685211,139.7236318,0,5,5,FALSE,FALSE,"重複なし(企業結合の影響なし)"
"ツルハドラッグ 新栃木店",36.3925744,139.7369288,3,13,16,TRUE,FALSE,"競争維持(競争者2グループ以上)"
"ツルハドラッグ黒磯豊浦北町店",36.9779073,140.0409097,4,16,18,TRUE,FALSE,"競争維持(競争者2グループ以上)"
"ツルハドラッグ 日光鬼怒川店",36.8134805,139.7115694,0,0,0,FALSE,FALSE,"重複なし(企業結合の影響なし)"
"ツルハドラッグ",36.81309,139.7112557,0,0,0,FALSE,FALSE,"重複なし(企業結合の影響なし)"
"ツルハドラッグ",36.5551306,139.7465601,1,13,17,TRUE,FALSE,"競争維持(競争者2グループ以上)"
"ツルハドラッグ",36.5442635,139.879128,4,20,23,TRUE,FALSE,"競争維持(競争者2グループ以上)"
"ツルハドラッグ",36.5367371,140.0855632,0,1,1,FALSE,FALSE,"重複なし(企業結合の影響なし)"
"ツルハドラッグ",36.5430126,139.9038117,5,11,15,TRUE,FALSE,"競争維持(競争者2グループ以上)"
"ツルハドラッグ",36.5510259,139.9275792,1,8,11,TRUE,FALSE,"競争維持(競争者2グループ以上)"
"ツルハドラッグ",36.7494909,139.5780497,0,0,0,FALSE,FALSE,"重複なし(企業結合の影響なし)"
"ツルハドラッグ宇都宮東峰町店",36.5405188,139.918765,2,13,18,TRUE,FALSE,"競争維持(競争者2グループ以上)"
"ツルハドラッグ宇都宮簗瀬店",36.5536324,139.8913084,5,16,22,TRUE,FALSE,"競争維持(競争者2グループ以上)"
"ツルハドラッグ",36.6068266,139.8574724,0,4,6,FALSE,FALSE,"重複なし(企業結合の影響なし)"
"ツルハドラッグ",36.60599,139.8464158,0,3,6,FALSE,FALSE,"重複なし(企業結合の影響なし)"
"ツルハドラッグ",36.5908519,139.8230322,0,1,1,FALSE,FALSE,"重複なし(企業結合の影響なし)"
"くすりの福太郎",35.8280891,139.9058564,1,7,19,TRUE,FALSE,"競争維持(競争者2グループ以上)"
"くすりの福太郎",35.8129475,139.9126508,3,5,21,TRUE,FALSE,"競争維持(競争者2グループ以上)"
"ツルハドラッグ",36.0068586,140.1641955,0,10,10,FALSE,FALSE,"重複なし(企業結合の影響なし)"
"ツルハドラッグ",36.0868106,140.0850357,6,10,10,TRUE,FALSE,"競争維持(競争者2グループ以上)"
"ツルハドラッグ",36.1535743,140.522692,1,9,9,TRUE,FALSE,"競争維持(競争者2グループ以上)"
"くすりの福太郎",35.7632461,139.9979298,3,11,14,TRUE,FALSE,"競争維持(競争者2グループ以上)"
"くすりの福太郎",35.7798633,139.9999114,3,8,10,TRUE,FALSE,"競争維持(競争者2グループ以上)"
"くすりの福太郎",35.8040203,139.9494269,4,8,19,TRUE,FALSE,"競争維持(競争者2グループ以上)"
"くすりの福太郎",35.7797886,139.9983407,3,7,9,TRUE,FALSE,"競争維持(競争者2グループ以上)"
"くすりの福太郎",35.7743621,139.9998468,3,8,10,TRUE,FALSE,"競争維持(競争者2グループ以上)"
"ツルハドラッグ",36.4741085,140.3888557,0,4,4,FALSE,FALSE,"重複なし(企業結合の影響なし)"
"ツルハドラッグ",35.7655546,139.7276053,5,12,22,TRUE,FALSE,"競争維持(競争者2グループ以上)"
"ツルハドラッグ水海道栄町店",36.0186331,139.9889297,2,7,7,TRUE,FALSE,"競争維持(競争者2グループ以上)"
"ツルハドラッグ",35.7844514,139.7827399,5,9,24,TRUE,FALSE,"競争維持(競争者2グループ以上)"
"ツルハドラッグ土浦生田町店",36.0840539,140.1892201,6,18,18,TRUE,FALSE,"競争維持(競争者2グループ以上)"
"くすりの福太郎",35.8025743,139.9454994,4,9,21,TRUE,FALSE,"競争維持(競争者2グループ以上)"
"ツルハドラッグ",35.9965315,140.0348905,1,6,6,TRUE,FALSE,"競争維持(競争者2グループ以上)"
"くすりの福太郎",35.7622606,140.0000212,5,10,13,TRUE,FALSE,"競争維持(競争者2グループ以上)"
"くすりの福太郎",35.7772521,139.8317612,8,12,30,TRUE,FALSE,"競争維持(競争者2グループ以上)"
"くすりの福太郎",35.8874249,139.9469787,2,17,23,TRUE,FALSE,"競争維持(競争者2グループ以上)"
"ツルハドラッグ",35.7692702,139.8260325,7,14,30,TRUE,FALSE,"競争維持(競争者2グループ以上)"
"ツルハドラッグ",35.7593619,139.8435646,6,13,28,TRUE,FALSE,"競争維持(競争者2グループ以上)"
"くすりの福太郎",35.7702809,139.8681231,4,12,20,TRUE,FALSE,"競争維持(競争者2グループ以上)"
"くすりの福太郎",35.7429261,139.8842506,1,3,5,TRUE,FALSE,"競争維持(競争者2グループ以上)"
"ツルハドラッグ",36.3816632,140.4172052,3,16,18,TRUE,FALSE,"競争維持(競争者2グループ以上)"
"ツルハドラッグ",36.3111246,140.4405901,2,4,4,TRUE,FALSE,"競争維持(競争者2グループ以上)"
"くすりの福太郎 松戸小山店",35.7738957,139.8916985,3,12,18,TRUE,FALSE,"競争維持(競争者2グループ以上)"
"ツルハドラッグ",36.3522238,140.4828201,5,5,6,TRUE,FALSE,"競争維持(競争者2グループ以上)"
"ツルハドラッグ 土浦小松店",36.0725832,140.2036014,3,15,17,TRUE,FALSE,"競争維持(競争者2グループ以上)"
"くすりの福太郎",35.7584692,140.0129382,5,11,16,TRUE,FALSE,"競争維持(競争者2グループ以上)"
"くすりの福太郎",35.8722359,140.0117373,1,8,12,TRUE,FALSE,"競争維持(競争者2グループ以上)"
"くすりの福太郎",35.8025809,139.9310769,1,7,28,TRUE,FALSE,"競争維持(競争者2グループ以上)"
"くすりの福太郎",35.8368329,139.9000414,2,10,19,TRUE,FALSE,"競争維持(競争者2グループ以上)"
"ツルハドラッグ",36.5329536,140.5290863,2,8,8,TRUE,FALSE,"競争維持(競争者2グループ以上)"
"くすりの福太郎",35.8193601,139.9737801,5,5,10,TRUE,FALSE,"競争維持(競争者2グループ以上)"
"くすりの福太郎",35.7705909,139.946542,1,6,8,TRUE,FALSE,"競争維持(競争者2グループ以上)"
"くすりの福太郎",35.8753515,139.9877062,3,8,15,TRUE,FALSE,"競争維持(競争者2グループ以上)"
"くすりの福太郎",35.8630179,139.9691012,4,10,21,TRUE,FALSE,"競争維持(競争者2グループ以上)"
"ツルハドラッグ",36.3305298,140.3202452,2,12,12,TRUE,FALSE,"競争維持(競争者2グループ以上)"
"ツルハドラッグ",36.7758041,140.7320368,3,6,6,TRUE,FALSE,"競争維持(競争者2グループ以上)"
"くすりの福太郎",35.8238692,139.9842742,3,2,5,TRUE,FALSE,"競争維持(競争者2グループ以上)"
"ツルハドラッグ",36.5118686,140.6297498,0,4,6,FALSE,FALSE,"重複なし(企業結合の影響なし)"
"くすりの福太郎",35.7432324,139.9516879,2,4,5,TRUE,FALSE,"競争維持(競争者2グループ以上)"
"ツルハドラッグ",36.4676967,140.5748749,5,5,5,TRUE,FALSE,"競争維持(競争者2グループ以上)"
"ツルハドラッグ",36.3605294,140.4769371,7,6,7,TRUE,FALSE,"競争維持(競争者2グループ以上)"
"ツルハドラッグ",36.3557535,140.4527526,4,9,11,TRUE,FALSE,"競争維持(競争者2グループ以上)"
"くすりの福太郎天王台北口店",35.8729483,140.0398487,1,6,8,TRUE,FALSE,"競争維持(競争者2グループ以上)"
"ツルハドラッグ",36.2516284,140.2937841,2,1,1,TRUE,TRUE,"懸念:複占化(結合後の競争者1)"
"ツルハドラッグ",36.3265387,140.414203,0,4,4,FALSE,FALSE,"重複なし(企業結合の影響なし)"
"ツルハドラッグ水海道宝町店",36.021216,139.9904548,2,7,7,TRUE,FALSE,"競争維持(競争者2グループ以上)"
"ツルハドラッグ",36.4021768,140.4310481,3,3,4,TRUE,FALSE,"競争維持(競争者2グループ以上)"
"ツルハドラッグ",36.3735996,140.3542374,1,3,3,TRUE,FALSE,"競争維持(競争者2グループ以上)"
"ツルハドラッグ",36.3753572,140.4371267,4,8,9,TRUE,FALSE,"競争維持(競争者2グループ以上)"
"ツルハドラッグ",36.3417783,140.4679923,7,11,12,TRUE,FALSE,"競争維持(競争者2グループ以上)"
"ツルハドラッグ",36.5780577,140.6480301,0,6,6,FALSE,FALSE,"重複なし(企業結合の影響なし)"
"ツルハドラッグ",36.5987232,140.6461094,1,11,11,TRUE,FALSE,"競争維持(競争者2グループ以上)"
"ツルハドラッグ",36.8419667,140.7818633,0,4,4,FALSE,FALSE,"重複なし(企業結合の影響なし)"
"ツルハドラッグ",36.9083635,140.7719339,1,6,8,TRUE,FALSE,"競争維持(競争者2グループ以上)"
"ツルハドラッグ",36.9210651,140.78125,1,7,8,TRUE,FALSE,"競争維持(競争者2グループ以上)"
"ツルハドラッグ",36.3974756,140.5082929,1,5,7,TRUE,FALSE,"競争維持(競争者2グループ以上)"
"ツルハドラッグ",36.3860952,140.5294707,2,9,13,TRUE,FALSE,"競争維持(競争者2グループ以上)"
"ツルハドラッグ",36.3895365,140.4469999,3,4,6,TRUE,FALSE,"競争維持(競争者2グループ以上)"
"ツルハドラッグ",36.3387855,140.5297167,0,0,0,FALSE,FALSE,"重複なし(企業結合の影響なし)"
"ツルハドラッグ",36.3540844,140.4445128,3,11,11,TRUE,FALSE,"競争維持(競争者2グループ以上)"
"ツルハドラッグ",36.3975424,140.5514947,5,12,16,TRUE,FALSE,"競争維持(競争者2グループ以上)"
"くすりの福太郎",35.9259814,139.8922535,0,9,10,FALSE,FALSE,"重複なし(企業結合の影響なし)"
"ツルハドラッグ",35.6083914,138.5437868,2,6,6,TRUE,FALSE,"競争維持(競争者2グループ以上)"
"ツルハドラッグ",35.6414611,138.6270827,0,15,15,FALSE,FALSE,"重複なし(企業結合の影響なし)"
"杏林堂スーパードラッグストア静岡鷹匠店",34.9765527,138.3893311,15,7,13,TRUE,FALSE,"競争維持(競争者2グループ以上)"
"杏林堂",34.7453888,137.718431,0,7,8,FALSE,FALSE,"重複なし(企業結合の影響なし)"
"杏林堂",34.7545627,137.7314835,0,8,8,FALSE,FALSE,"重複なし(企業結合の影響なし)"
"杏林堂",34.7351741,137.7654108,1,7,8,TRUE,FALSE,"競争維持(競争者2グループ以上)"
"杏林堂薬局姫街道店",34.772134,137.708844,4,13,15,TRUE,FALSE,"競争維持(競争者2グループ以上)"
"杏林堂ドラッグストア",34.8164376,137.6787447,0,2,2,FALSE,FALSE,"重複なし(企業結合の影響なし)"
"杏林堂薬局　於呂店",34.8476301,137.805187,0,1,1,FALSE,FALSE,"重複なし(企業結合の影響なし)"
"杏林堂薬局天王店",34.7337594,137.7708134,1,8,9,TRUE,FALSE,"競争維持(競争者2グループ以上)"
"杏林堂薬局 向宿店",34.7041886,137.7512073,3,12,12,TRUE,FALSE,"競争維持(競争者2グループ以上)"
"杏林堂薬局 芳川店",34.6846461,137.7661608,2,4,4,TRUE,FALSE,"競争維持(競争者2グループ以上)"
"杏林堂薬局",34.7887808,137.7762366,2,13,14,TRUE,FALSE,"競争維持(競争者2グループ以上)"
"杏林堂薬局 ドラッグストア浜北店",34.8093248,137.8014574,2,6,6,TRUE,FALSE,"競争維持(競争者2グループ以上)"
"杏林堂薬局ドラッグストア",34.7262242,137.8189939,0,4,4,FALSE,FALSE,"重複なし(企業結合の影響なし)"
"杏林堂薬局",34.8466111,137.8107493,0,1,1,FALSE,FALSE,"重複なし(企業結合の影響なし)"
"杏林堂薬局",34.7062537,137.7284165,2,9,11,TRUE,FALSE,"競争維持(競争者2グループ以上)"
"杏林堂",34.8931406,138.2638649,2,8,8,TRUE,FALSE,"競争維持(競争者2グループ以上)"
"杏林堂ドラッグストア",34.84492,138.2313375,3,7,7,TRUE,FALSE,"競争維持(競争者2グループ以上)"
"杏林堂",34.7042576,137.7321567,2,12,14,TRUE,FALSE,"競争維持(競争者2グループ以上)"
"ツルハドラッグ",35.648436,138.5814,0,13,13,FALSE,FALSE,"重複なし(企業結合の影響なし)"
"杏林堂",35.0084544,138.4254963,6,14,14,TRUE,FALSE,"競争維持(競争者2グループ以上)"
"杏林堂ドラッグストア",34.8065098,137.6527104,1,0,0,TRUE,TRUE,"懸念:独占化(結合後の競争者0)"
"杏林堂薬局",34.7922095,137.6888063,0,0,0,FALSE,FALSE,"重複なし(企業結合の影響なし)"
"杏林堂",34.7876172,138.0283017,2,7,7,TRUE,FALSE,"競争維持(競争者2グループ以上)"
"杏林堂",34.7754582,137.9125492,1,1,1,TRUE,TRUE,"懸念:複占化(結合後の競争者1)"
"杏林堂薬局",34.7624844,138.017153,1,12,16,TRUE,FALSE,"競争維持(競争者2グループ以上)"
"杏林堂",34.9763391,138.3519795,7,6,6,TRUE,FALSE,"競争維持(競争者2グループ以上)"
"杏林堂",34.7161018,137.7740948,0,9,11,FALSE,FALSE,"重複なし(企業結合の影響なし)"
"ツルハドラッグ",35.5641418,138.4946973,2,1,1,TRUE,TRUE,"懸念:複占化(結合後の競争者1)"
"ツルハドラッグ",35.6422581,138.5591204,0,16,16,FALSE,FALSE,"重複なし(企業結合の影響なし)"
"ツルハドラッグ",35.6406387,138.5178538,1,6,6,TRUE,FALSE,"競争維持(競争者2グループ以上)"
"ツルハドラッグ",35.6238495,138.5244819,3,8,9,TRUE,FALSE,"競争維持(競争者2グループ以上)"
"ツルハドラッグ",35.6350687,138.5701096,1,14,14,TRUE,FALSE,"競争維持(競争者2グループ以上)"
"杏林堂",34.9987009,138.5155347,1,2,2,TRUE,FALSE,"競争維持(競争者2グループ以上)"
"杏林堂",34.7557834,138.0904081,3,8,8,TRUE,FALSE,"競争維持(競争者2グループ以上)"
"杏林堂ドラッグストア",35.0105161,138.3732146,6,1,1,TRUE,TRUE,"懸念:複占化(結合後の競争者1)"
"杏林堂",34.7794282,137.9804267,0,9,10,FALSE,FALSE,"重複なし(企業結合の影響なし)"
"杏林堂",34.9605046,138.4122232,4,8,10,TRUE,FALSE,"競争維持(競争者2グループ以上)"
"ツルハドラッグ",35.6026643,137.8982995,0,3,3,FALSE,FALSE,"重複なし(企業結合の影響なし)"
"杏林堂薬局 袋井旭町店",34.7531299,137.9207217,1,8,11,TRUE,FALSE,"競争維持(競争者2グループ以上)"
"杏林堂吉田店",34.7890487,138.2476172,1,4,4,TRUE,FALSE,"競争維持(競争者2グループ以上)"
"杏林堂",34.8413583,138.2564861,4,8,10,TRUE,FALSE,"競争維持(競争者2グループ以上)"
"杏林堂",34.8602319,137.8156287,0,2,2,FALSE,FALSE,"重複なし(企業結合の影響なし)"
"杏林堂",34.6785556,137.7362766,0,10,12,FALSE,FALSE,"重複なし(企業結合の影響なし)"
"杏林堂",34.7082025,137.7239363,1,10,11,TRUE,FALSE,"競争維持(競争者2グループ以上)"
"ツルハドラッグ",35.482572,138.803615,2,14,18,TRUE,FALSE,"競争維持(競争者2グループ以上)"
"杏林堂",34.7443058,137.6593338,1,0,0,TRUE,TRUE,"懸念:独占化(結合後の競争者0)"
"杏林堂",34.697045,137.6840101,3,10,10,TRUE,FALSE,"競争維持(競争者2グループ以上)"
"杏林堂",34.6975037,137.7002614,3,10,12,TRUE,FALSE,"競争維持(競争者2グループ以上)"
"杏林堂 静岡千代田店",35.0002359,138.4074076,6,6,6,TRUE,FALSE,"競争維持(競争者2グループ以上)"
"杏林堂",34.6989135,137.6644323,2,8,8,TRUE,FALSE,"競争維持(競争者2グループ以上)"
"杏林堂",34.7028855,137.7576826,3,7,7,TRUE,FALSE,"競争維持(競争者2グループ以上)"
"杏林堂ドラッグストア",35.1834108,138.6565437,3,8,9,TRUE,FALSE,"競争維持(競争者2グループ以上)"
"杏林堂",34.7822774,137.754678,1,6,7,TRUE,FALSE,"競争維持(競争者2グループ以上)"
"杏林堂薬局ドラッグストア富塚店",34.7205736,137.701607,0,7,7,FALSE,FALSE,"重複なし(企業結合の影響なし)"
"杏林堂",34.7076749,137.5503968,0,4,5,FALSE,FALSE,"重複なし(企業結合の影響なし)"
"ツルハドラッグ",35.5417838,138.8952567,1,1,1,TRUE,TRUE,"懸念:複占化(結合後の競争者1)"
"杏林堂",34.7223628,137.7172398,0,7,8,FALSE,FALSE,"重複なし(企業結合の影響なし)"
"杏林堂薬局",34.7135531,137.5451636,0,4,5,FALSE,FALSE,"重複なし(企業結合の影響なし)"
"杏林堂小笠店",34.7016887,138.0944363,1,3,3,TRUE,FALSE,"競争維持(競争者2グループ以上)"
"杏林堂薬局 浜岡店",34.6356551,138.1306447,1,3,3,TRUE,FALSE,"競争維持(競争者2グループ以上)"
"杏林堂薬局 高丘東店",34.7593649,137.715164,4,14,19,TRUE,FALSE,"競争維持(競争者2グループ以上)"
"杏林堂薬局 聖隷住吉病院前店",34.7306028,137.7241239,0,5,7,FALSE,FALSE,"重複なし(企業結合の影響なし)"
"杏林堂薬局　新津店",34.7214867,137.7421291,1,3,6,TRUE,FALSE,"競争維持(競争者2グループ以上)"
"杏林堂薬局 和合店",34.7394317,137.7037965,0,4,4,FALSE,FALSE,"重複なし(企業結合の影響なし)"
"杏林堂",34.7021487,137.6834615,3,9,9,TRUE,FALSE,"競争維持(競争者2グループ以上)"
"杏林堂薬局 浜松医科大学附属病院前店",34.7709523,137.7454754,1,4,4,TRUE,FALSE,"競争維持(競争者2グループ以上)"
"杏林堂",34.834947,138.1572695,3,9,9,TRUE,FALSE,"競争維持(競争者2グループ以上)"
"杏林堂",34.8461782,138.3119618,12,13,17,TRUE,FALSE,"競争維持(競争者2グループ以上)"
"杏林堂",34.6835251,137.6211252,0,2,4,FALSE,FALSE,"重複なし(企業結合の影響なし)"
"杏林堂",34.7156442,137.7027659,1,10,10,TRUE,FALSE,"競争維持(競争者2グループ以上)"
"杏林堂",34.6937525,137.6783059,2,5,5,TRUE,FALSE,"競争維持(競争者2グループ以上)"
"杏林堂",34.7055759,137.7078462,3,13,13,TRUE,FALSE,"競争維持(競争者2グループ以上)"
"杏林堂",35.2183253,138.6105169,8,10,10,TRUE,FALSE,"競争維持(競争者2グループ以上)"
"杏林堂",34.6974621,137.7003542,3,10,12,TRUE,FALSE,"競争維持(競争者2グループ以上)"
"杏林堂",34.7270974,137.6885045,1,3,3,TRUE,FALSE,"競争維持(競争者2グループ以上)"
"杏林堂",34.6864937,137.7318954,1,15,19,TRUE,FALSE,"競争維持(競争者2グループ以上)"
"杏林堂",34.8002911,137.7132675,0,0,0,FALSE,FALSE,"重複なし(企業結合の影響なし)"
"杏林堂",34.7899149,137.7779641,2,13,14,TRUE,FALSE,"競争維持(競争者2グループ以上)"
"杏林堂",34.7728564,137.724614,5,11,12,TRUE,FALSE,"競争維持(競争者2グループ以上)"
"杏林堂",34.7552921,137.7521461,2,3,3,TRUE,FALSE,"競争維持(競争者2グループ以上)"
"杏林堂ドラッグストア",35.16265,138.6718832,8,16,17,TRUE,FALSE,"競争維持(競争者2グループ以上)"
"ドラッグストアウェルネス　西伯店",35.3562181,133.3300485,0,2,2,FALSE,FALSE,"重複なし(企業結合の影響なし)"
"ウェルネス",35.4507095,133.335889,1,20,21,TRUE,FALSE,"競争維持(競争者2グループ以上)"
"ドラッグストアウェルネス倉吉南店",35.4347934,133.8192937,0,8,8,FALSE,FALSE,"重複なし(企業結合の影響なし)"
"ウェルネス 吉成店",35.4815135,134.2273515,2,22,26,TRUE,FALSE,"競争維持(競争者2グループ以上)"
"ウェルネス 国府店",35.4824067,134.2542766,0,6,9,FALSE,FALSE,"重複なし(企業結合の影響なし)"
"ウェルネス薬局",35.0637567,134.0016652,0,11,11,FALSE,FALSE,"重複なし(企業結合の影響なし)"
"ドラッグストアウェルネス淀江店",35.4510257,133.4129468,0,3,3,FALSE,FALSE,"重複なし(企業結合の影響なし)"
"ドラッグストア ウェルネス 桜谷店",35.4688274,134.2452798,0,5,7,FALSE,FALSE,"重複なし(企業結合の影響なし)"
"ウェルネス",35.4429275,133.3351881,1,23,25,TRUE,FALSE,"競争維持(競争者2グループ以上)"
"ドラッグストア ウェルネス青谷店",35.5164545,133.9980831,0,1,1,FALSE,FALSE,"重複なし(企業結合の影響なし)"
"ウェルネス",35.4861759,134.2339438,2,24,29,TRUE,FALSE,"競争維持(競争者2グループ以上)"
"ウェルネス 湖山店",35.514435400000004,134.1896071,1,9,11,TRUE,FALSE,"競争維持(競争者2グループ以上)"
"ウェルネス 徳尾店",35.5002296,134.2058409,1,10,10,TRUE,FALSE,"競争維持(競争者2グループ以上)"
"ドラッグストア ウェルネス",35.4497515,133.84753130000001,2,4,5,TRUE,FALSE,"競争維持(競争者2グループ以上)"
"ドラッグストア ウェルネス 片原店",35.5050364,134.2283345,2,17,19,TRUE,FALSE,"競争維持(競争者2グループ以上)"
"ドラッグストアウェルネス 境港マリーナ店",35.5158738,133.2490482,0,1,1,FALSE,FALSE,"重複なし(企業結合の影響なし)"
"ドラッグストアウェルネス 叶店",35.4744547,134.2176454,0,11,11,FALSE,FALSE,"重複なし(企業結合の影響なし)"
"ウェルネス",35.4527791,133.3662114,3,7,7,TRUE,FALSE,"競争維持(競争者2グループ以上)"
"ウェルネス",35.4336774,133.2400237,0,5,6,FALSE,FALSE,"重複なし(企業結合の影響なし)"
"wants 皆実町店",34.3726898,132.46474,0,8,12,FALSE,FALSE,"重複なし(企業結合の影響なし)"
"Wants",34.4076223,132.4201597,2,2,2,TRUE,FALSE,"競争維持(競争者2グループ以上)"
"wants",34.400426,132.479104,0,7,12,FALSE,FALSE,"重複なし(企業結合の影響なし)"
"ウォンツ",34.3973403,132.4491072,3,19,30,TRUE,FALSE,"競争維持(競争者2グループ以上)"
"ウォンツ府中本町店",34.3975408,132.5055041,2,7,8,TRUE,FALSE,"競争維持(競争者2グループ以上)"
"Wants",34.3501052,132.3302529,1,11,11,TRUE,FALSE,"競争維持(競争者2グループ以上)"
"Wants",34.3926387,132.3575477,1,5,5,TRUE,FALSE,"競争維持(競争者2グループ以上)"
"レデイ薬局",34.4456571,132.4652118,2,11,12,TRUE,FALSE,"競争維持(競争者2グループ以上)"
"wants大洲店",34.387524,132.4937816,1,8,8,TRUE,FALSE,"競争維持(競争者2グループ以上)"
"Wants",34.3828414,132.4851959,1,7,8,TRUE,FALSE,"競争維持(競争者2グループ以上)"
"ウォンツ愛宕店",34.3966666,132.4817628,1,7,10,TRUE,FALSE,"競争維持(競争者2グループ以上)"
"ウォンツ",34.4731851,132.4304577,1,2,2,TRUE,FALSE,"競争維持(競争者2グループ以上)"
"ウォンツ 八木店",34.4819758,132.496609,0,4,4,FALSE,FALSE,"重複なし(企業結合の影響なし)"
"Wants",34.4367441,132.4858583,1,2,2,TRUE,FALSE,"競争維持(競争者2グループ以上)"
"ウォンツ",34.3518688,131.9386367,0,2,2,FALSE,FALSE,"重複なし(企業結合の影響なし)"
"Wants",34.3930502,132.4624268,1,16,28,TRUE,FALSE,"競争維持(競争者2グループ以上)"
"ウォンツ飯室店",34.5595479,132.448319,0,1,1,FALSE,FALSE,"重複なし(企業結合の影響なし)"
"ウォンツ亀山店",34.5245002,132.4994938,2,10,12,TRUE,FALSE,"競争維持(競争者2グループ以上)"
"ウォンツ 藤垂園店",34.3673617,132.3724552,0,9,11,FALSE,FALSE,"重複なし(企業結合の影響なし)"
"ウォンツ",34.3756346,132.3674507,1,13,16,TRUE,FALSE,"競争維持(競争者2グループ以上)"
"ウォンツ 五日市コイン通り店",34.3671965,132.3549853,1,13,17,TRUE,FALSE,"競争維持(競争者2グループ以上)"
"レデイ薬局 五日市店",34.3790104,132.3606997,1,13,16,TRUE,FALSE,"競争維持(競争者2グループ以上)"
"ウォンツ 海老園店",34.3604601,132.3586082,1,13,15,TRUE,FALSE,"競争維持(競争者2グループ以上)"
"ウォンツ",34.443315,132.4823173,3,6,6,TRUE,FALSE,"競争維持(競争者2グループ以上)"
"くすりのレデイ",34.4718579,132.4876144,1,11,13,TRUE,FALSE,"競争維持(競争者2グループ以上)"
"Wants",34.392972,132.4591192,1,18,30,TRUE,FALSE,"競争維持(競争者2グループ以上)"
"ウォンツ",34.4761238,132.4900688,1,10,10,TRUE,FALSE,"競争維持(競争者2グループ以上)"
"ウォンツ",34.4597009,132.4738796,2,18,20,TRUE,FALSE,"競争維持(競争者2グループ以上)"
"ウォンツ",34.3497798,132.3138447,1,8,8,TRUE,FALSE,"競争維持(競争者2グループ以上)"
"ウォンツ 福山三吉店",34.4949996,133.3783344,7,11,14,TRUE,FALSE,"競争維持(競争者2グループ以上)"
"ウォンツ",34.4405545,132.4687073,2,8,9,TRUE,FALSE,"競争維持(競争者2グループ以上)"
"Wants",34.3826929,132.4105176,1,3,3,TRUE,FALSE,"競争維持(競争者2グループ以上)"
"レデイ薬局",34.378353,132.4098975,0,1,1,FALSE,FALSE,"重複なし(企業結合の影響なし)"
"ウォンツ",34.3884495,132.4588242,2,19,32,TRUE,FALSE,"競争維持(競争者2グループ以上)"
"Wants",34.4097714,132.4511072,1,11,18,TRUE,FALSE,"競争維持(競争者2グループ以上)"
"ウォンツ",34.5443974,133.328955,2,10,10,TRUE,FALSE,"競争維持(競争者2グループ以上)"
"ウォンツ薬局",34.3861339,132.4115699,1,3,3,TRUE,FALSE,"競争維持(競争者2グループ以上)"
"Wants",34.400478,132.4783423,0,9,15,FALSE,FALSE,"重複なし(企業結合の影響なし)"
"Wants",34.3938783,132.4568584,2,20,33,TRUE,FALSE,"競争維持(競争者2グループ以上)"
"Wants",34.4099038,132.4502759,1,11,17,TRUE,FALSE,"競争維持(競争者2グループ以上)"
"ウォンツ熊野店",34.3466432,132.5914007,0,2,2,FALSE,FALSE,"重複なし(企業結合の影響なし)"
"Wants",34.3947359,132.463553,1,16,28,TRUE,FALSE,"競争維持(競争者2グループ以上)"
"wants 佐方店",34.3667402,132.3442098,1,8,9,TRUE,FALSE,"競争維持(競争者2グループ以上)"
"Wants",34.4405565,132.532137,0,0,0,FALSE,FALSE,"重複なし(企業結合の影響なし)"
"ウォンツ",34.3855328,132.4769094,0,10,18,FALSE,FALSE,"重複なし(企業結合の影響なし)"
"ウォンツ (wants)",34.446966,132.7866249,1,5,5,TRUE,FALSE,"競争維持(競争者2グループ以上)"
"くすりのレデイ",34.36685,132.3806604,0,7,9,FALSE,FALSE,"重複なし(企業結合の影響なし)"
"ドラッグストア ウォンツ",34.3743751,132.5286124,1,15,17,TRUE,FALSE,"競争維持(競争者2グループ以上)"
"ウォンツ海老山店",34.3652641,132.365756,1,12,14,TRUE,FALSE,"競争維持(競争者2グループ以上)"
"ウエルネス",35.3661562,132.7336679,1,13,15,TRUE,FALSE,"競争維持(競争者2グループ以上)"
"ウエルネス",35.4287117,132.8184303,0,4,4,FALSE,FALSE,"重複なし(企業結合の影響なし)"
"ウェルネス大東店",35.3221891,132.9624637,0,3,3,FALSE,FALSE,"重複なし(企業結合の影響なし)"
"ウェルネス",35.435824,133.0495341,1,8,8,TRUE,FALSE,"競争維持(競争者2グループ以上)"
"ウェルネス",35.4448869,133.0773118,1,7,7,TRUE,FALSE,"競争維持(競争者2グループ以上)"
"ウェルネス",35.435405,133.0846869,0,4,4,FALSE,FALSE,"重複なし(企業結合の影響なし)"
"ウォンツ",34.3323047,132.5641114,0,4,4,FALSE,FALSE,"重複なし(企業結合の影響なし)"
"ウォンツ",34.8657374,132.026728,0,3,3,FALSE,FALSE,"重複なし(企業結合の影響なし)"
"ウォンツ 向島店",34.3942161,133.1940447,4,7,11,TRUE,FALSE,"競争維持(競争者2グループ以上)"
"ウェルネス益田高津店",34.6898695,131.8221536,0,12,14,FALSE,FALSE,"重複なし(企業結合の影響なし)"
"ウォンツ",34.4494032,133.1971647,0,1,1,FALSE,FALSE,"重複なし(企業結合の影響なし)"
"ウォンツ　八幡店",34.3869096,132.3647034,1,7,8,TRUE,FALSE,"競争維持(競争者2グループ以上)"
"ウォンツ　八幡西店",34.3862028,132.3632377,1,7,8,TRUE,FALSE,"競争維持(競争者2グループ以上)"
"ウォンツ 下温品店",34.4143408,132.5089296,1,2,3,TRUE,FALSE,"競争維持(競争者2グループ以上)"
"ウォンツ片庭店",34.8986643,132.0727325,2,5,5,TRUE,FALSE,"競争維持(競争者2グループ以上)"
"ウォンツ 波出石店",34.3821307,132.3557428,1,10,11,TRUE,FALSE,"競争維持(競争者2グループ以上)"
"ウェルネス",34.6879225,131.8411388,2,12,14,TRUE,FALSE,"競争維持(競争者2グループ以上)"
"ウォンツ",34.4386505,132.7202371,1,9,9,TRUE,FALSE,"競争維持(競争者2グループ以上)"
"レデイ",33.9393197,133.3233737,0,6,7,FALSE,FALSE,"重複なし(企業結合の影響なし)"
"ツルハドラッグ",33.5506548,133.4425863,0,0,0,FALSE,FALSE,"重複なし(企業結合の影響なし)"
"くすりのレデイ 平井店",33.8115444,132.8221175,1,4,4,TRUE,FALSE,"競争維持(競争者2グループ以上)"
"くすりのレデイ 宿毛店",32.9290035,132.7087229,0,4,5,FALSE,FALSE,"重複なし(企業結合の影響なし)"
"ウォンツ大竹店",34.2209668,132.2215367,1,7,7,TRUE,FALSE,"競争維持(競争者2グループ以上)"
"くすりのレデイ 広見店",33.2564213,132.6723651,0,3,3,FALSE,FALSE,"重複なし(企業結合の影響なし)"
"くすりのレデイ 鬼北店",33.251196,132.6816397,0,3,3,FALSE,FALSE,"重複なし(企業結合の影響なし)"
"くすりのレデイ",33.8093316,132.8063892,0,5,5,FALSE,FALSE,"重複なし(企業結合の影響なし)"
"くすりのレデイ 今治衣干店",34.0455145,133.0134764,0,8,9,FALSE,FALSE,"重複なし(企業結合の影響なし)"
"レデイ薬局 馬越店調剤",34.0536776,132.9835728,1,13,15,TRUE,FALSE,"競争維持(競争者2グループ以上)"
"くすりのレデイ 鐘場店",34.0834038,132.9903008,0,8,8,FALSE,FALSE,"重複なし(企業結合の影響なし)"
"ウォンツ",34.2428629,132.5649145,1,12,14,TRUE,FALSE,"競争維持(競争者2グループ以上)"
"ウォンツ",34.2096923,132.5447111,0,3,3,FALSE,FALSE,"重複なし(企業結合の影響なし)"
"ウォンツ",34.2811655,132.5513149,1,6,6,TRUE,FALSE,"競争維持(競争者2グループ以上)"
"ウォンツ",34.2542025,132.5652556,1,11,13,TRUE,FALSE,"競争維持(競争者2グループ以上)"
"くすりのレデイ",33.9926428,133.5730631,4,11,12,TRUE,FALSE,"競争維持(競争者2グループ以上)"
"くすりのレデイ",33.5610739,133.6959949,1,4,4,TRUE,FALSE,"競争維持(競争者2グループ以上)"
"ツルハドラッグ",33.5697663,133.5494748,3,14,21,TRUE,FALSE,"競争維持(競争者2グループ以上)"
"くすりのレデイ 道後緑台店",33.8525909,132.7800301,0,7,8,FALSE,FALSE,"重複なし(企業結合の影響なし)"
"くすりのレデイ宇和島新町店",33.222493,132.5669465,1,15,18,TRUE,FALSE,"競争維持(競争者2グループ以上)"
"くすりのレデイ",33.2375109,132.5683174,1,11,12,TRUE,FALSE,"競争維持(競争者2グループ以上)"
"くすりのレデイ",33.9410083,133.2943414,4,15,21,TRUE,FALSE,"競争維持(競争者2グループ以上)"
"くすりのレデイ 松前店",33.7911068,132.7173978,2,8,8,TRUE,FALSE,"競争維持(競争者2グループ以上)"
"くすりのレデイ 竹原店",33.8350296,132.752903,4,7,10,TRUE,FALSE,"競争維持(競争者2グループ以上)"
"くすりのレデイ 天山店",33.8225319,132.774093,4,5,6,TRUE,FALSE,"競争維持(競争者2グループ以上)"
"くすりのレデイ 和泉店",33.8165845,132.7661836,2,3,3,TRUE,FALSE,"競争維持(競争者2グループ以上)"
"ツルハドラッグ",33.5112733,133.2761948,0,1,1,FALSE,FALSE,"重複なし(企業結合の影響なし)"
"レデイ薬局伊予三島店",33.9828039,133.5403792,1,5,6,TRUE,FALSE,"競争維持(競争者2グループ以上)"
"レデイ薬局川之江店",33.9944494,133.5748062,6,11,12,TRUE,FALSE,"競争維持(競争者2グループ以上)"
"ウォンツ",34.2465572,132.5652283,1,12,14,TRUE,FALSE,"競争維持(競争者2グループ以上)"
"くすりのレデイ れんげ店",33.3842353,132.501837,1,7,8,TRUE,FALSE,"競争維持(競争者2グループ以上)"
"くすりのレデイ",33.35835,132.5235968,0,1,1,FALSE,FALSE,"重複なし(企業結合の影響なし)"
"レデイ薬局 観音寺店",34.1279223,133.6710618,3,8,10,TRUE,FALSE,"競争維持(競争者2グループ以上)"
"くすりのレデイ",33.9695049,133.2829449,2,10,14,TRUE,FALSE,"競争維持(競争者2グループ以上)"
"ツルハドラッグ須崎東店",33.4094028,133.2929651,1,7,8,TRUE,FALSE,"競争維持(競争者2グループ以上)"
"くすりのレデイ 南鳥生店",34.0502206,133.0077817,1,8,10,TRUE,FALSE,"競争維持(競争者2グループ以上)"
"くすりのレデイ 松木店",34.030157,133.0040008,1,1,1,TRUE,TRUE,"懸念:複占化(結合後の競争者1)"
"くすりのレデイ 今治中央店",34.0611993,133.00156,0,11,18,FALSE,FALSE,"重複なし(企業結合の影響なし)"
"くすりのレデイ 波止浜店",34.102964,132.9676762,2,1,1,TRUE,TRUE,"懸念:複占化(結合後の競争者1)"
"くすりのレデイ 今治国分店",34.0199096,133.0171934,0,1,1,FALSE,FALSE,"重複なし(企業結合の影響なし)"
"レデイ薬局 北高下店",34.0526509,133.0112183,0,7,9,FALSE,FALSE,"重複なし(企業結合の影響なし)"
"レデイ薬局",34.038053,133.0216248,0,3,5,FALSE,FALSE,"重複なし(企業結合の影響なし)"
"ツルハドラッグ",33.5728499,133.5181677,4,4,4,TRUE,FALSE,"競争維持(競争者2グループ以上)"
"くすりのレデイ 詫間店",34.2182124,133.6858258,0,3,3,FALSE,FALSE,"重複なし(企業結合の影響なし)"
"くすりのレデイ 高橋店",34.0382166,132.9740602,3,4,4,TRUE,FALSE,"競争維持(競争者2グループ以上)"
"くすりのレデイ",34.0659542,132.9348423,0,1,1,FALSE,FALSE,"重複なし(企業結合の影響なし)"
"くすりのレデイ",33.9505263,133.2907041,3,16,20,TRUE,FALSE,"競争維持(競争者2グループ以上)"
"くすりのレデイ",33.9582258,133.2670228,2,10,14,TRUE,FALSE,"競争維持(競争者2グループ以上)"
"くすりのレデイ",33.9317856,133.2827817,4,11,18,TRUE,FALSE,"競争維持(競争者2グループ以上)"
"ツルハドラッグ",33.5778987,133.5508397,3,11,16,TRUE,FALSE,"競争維持(競争者2グループ以上)"
"ツルハドラッグ",33.3348765,133.2242635,0,0,0,FALSE,FALSE,"重複なし(企業結合の影響なし)"
"Wants",34.2910436,132.2737001,0,1,1,FALSE,FALSE,"重複なし(企業結合の影響なし)"
"ウォンツ 周防大島店",33.9469383,132.2076129,0,1,1,FALSE,FALSE,"重複なし(企業結合の影響なし)"
"くすりのレデイ",33.9415294,133.2996261,4,16,21,TRUE,FALSE,"競争維持(競争者2グループ以上)"
"くすりのレデイ",33.7915762,132.8798846,1,4,4,TRUE,FALSE,"競争維持(競争者2グループ以上)"
"ツルハドラッグ 向能代店",40.2229339,140.03121629999998,2,2,2,TRUE,FALSE,"競争維持(競争者2グループ以上)"
"ツルハドラッグ 鯵ヶ沢店",40.775832,140.22577410000002,1,5,5,TRUE,FALSE,"競争維持(競争者2グループ以上)"
"ツルハドラッグ 鷹巣店",40.230204199999996,140.37978239999998,2,10,10,TRUE,FALSE,"競争維持(競争者2グループ以上)"
"ツルハドラッグ 弘前岩木店",40.6142839,140.424319,1,2,2,TRUE,FALSE,"競争維持(競争者2グループ以上)"
"ツルハドラッグ つがる柏店",40.8019544,140.40047479999998,4,6,8,TRUE,FALSE,"競争維持(競争者2グループ以上)"
"ツルハドラッグ 弘前樹木店",40.589449599999995,140.45595649999998,6,17,23,TRUE,FALSE,"競争維持(競争者2グループ以上)"
"ツルハドラッグ 弘前石渡店",40.629467,140.458713,2,7,7,TRUE,FALSE,"競争維持(競争者2グループ以上)"
"ツルハドラッグ 弘前神田店",40.626081,140.4920209,2,14,14,TRUE,FALSE,"競争維持(競争者2グループ以上)"
"ツルハドラッグ 弘前西城北店",40.615524,140.47145899999998,6,22,23,TRUE,FALSE,"競争維持(競争者2グループ以上)"
"ツルハドラッグ 板柳福野田店",40.69562680000001,140.46167119999998,1,6,7,TRUE,FALSE,"競争維持(競争者2グループ以上)"
"ツルハドラッグ 弘前境関店",40.6118168,140.5045591,4,22,23,TRUE,FALSE,"競争維持(競争者2グループ以上)"
"ツルハドラッグ 大館南店",40.2467064,140.5716124,0,1,1,FALSE,FALSE,"重複なし(企業結合の影響なし)"
"ツルハドラッグ 大館北店",40.295767,140.559629,1,10,11,TRUE,FALSE,"競争維持(競争者2グループ以上)"
"ツルハドラッグ 黒石一番町店",40.649202599999995,140.5933177,1,8,11,TRUE,FALSE,"競争維持(競争者2グループ以上)"
"ツルハドラッグ 浪岡店",40.720480599999995,140.5894195,1,4,4,TRUE,FALSE,"競争維持(競争者2グループ以上)"
"ツルハドラッグ 青森新田店",40.8406127,140.715733,4,8,10,TRUE,FALSE,"競争維持(競争者2グループ以上)"
"ツルハドラッグ 青森三内店",40.821856499999996,140.7112109,7,16,19,TRUE,FALSE,"競争維持(競争者2グループ以上)"
"ツルハドラッグ 青森原別店",40.836638199999996,140.7979665,4,5,5,TRUE,FALSE,"競争維持(競争者2グループ以上)"
"ツルハドラッグ 平内店",40.9251302,140.95968009999999,0,2,2,FALSE,FALSE,"重複なし(企業結合の影響なし)"
"ツルハドラッグ 七戸店",40.6969642,141.1624569,0,3,3,FALSE,FALSE,"重複なし(企業結合の影響なし)"
"ツルハドラッグ むつ大平店",41.2825779,141.16845279999998,1,9,11,TRUE,FALSE,"競争維持(競争者2グループ以上)"
"ツルハドラッグ むつ旭町店",41.28654710000001,141.178976,2,10,12,TRUE,FALSE,"競争維持(競争者2グループ以上)"
"ツルハドラッグ 十和田店",40.6126467,141.200557,6,17,20,TRUE,FALSE,"競争維持(競争者2グループ以上)"
"ツルハドラッグ 十和田中央店",40.6159004,141.2114715,6,18,22,TRUE,FALSE,"競争維持(競争者2グループ以上)"
"ツルハドラッグ むつ小川店",41.2920318,141.2038057,3,15,18,TRUE,FALSE,"競争維持(競争者2グループ以上)"
"ツルハドラッグ むつ柳町店",41.303766499999995,141.220189,0,5,6,FALSE,FALSE,"重複なし(企業結合の影響なし)"
"ツルハドラッグ 三戸店",40.3976377,141.2633645,1,4,4,TRUE,FALSE,"競争維持(競争者2グループ以上)"
"ツルハドラッグ みなと店",40.5141918,141.5355313,4,9,9,TRUE,FALSE,"競争維持(競争者2グループ以上)"
"調剤薬局ツルハドラッグ 八戸江陽店",40.523508899999996,141.5019675,4,9,12,TRUE,FALSE,"競争維持(競争者2グループ以上)"
"ツルハドラッグ 新栃木店",36.3924653,139.7369333,3,13,16,TRUE,FALSE,"競争維持(競争者2グループ以上)"
"ツルハドラッグ 西方店",36.4676165,139.7424225,0,0,0,FALSE,FALSE,"重複なし(企業結合の影響なし)"
"ツルハドラッグ 鹿沼日吉町店",36.5653216,139.73175419999998,1,7,9,TRUE,FALSE,"競争維持(競争者2グループ以上)"
"ツルハドラッグ 日光大沢店",36.6900665,139.7621896,1,4,4,TRUE,FALSE,"競争維持(競争者2グループ以上)"
"ツルハドラッグ 壬生店",36.425792,139.802764,0,1,1,FALSE,FALSE,"重複なし(企業結合の影響なし)"
"ツルハドラッグ 宇都宮戸祭店",36.5764571,139.863796,5,11,18,TRUE,FALSE,"競争維持(競争者2グループ以上)"
"ツルハドラッグ 宇都宮徳次郎店",36.645794599999995,139.8458646,0,0,0,FALSE,FALSE,"重複なし(企業結合の影響なし)"
"調剤薬局ツルハドラッグ 宇都宮野沢店",36.606808799999996,139.85751199999999,0,5,7,FALSE,FALSE,"重複なし(企業結合の影響なし)"
"ツルハドラッグ 関城店",36.2511651,139.91654409999998,0,1,1,FALSE,FALSE,"重複なし(企業結合の影響なし)"
"ツルハドラッグ 宇都宮東宿郷店",36.556481399999996,139.9095489,5,13,20,TRUE,FALSE,"競争維持(競争者2グループ以上)"
"ツルハドラッグ 宇都宮岩曽店",36.5881696,139.91362189999998,1,7,8,TRUE,FALSE,"競争維持(競争者2グループ以上)"
"ツルハドラッグ 宇都宮下田原店",36.6354021,139.90334679999998,0,1,1,FALSE,FALSE,"重複なし(企業結合の影響なし)"
"ツルハドラッグ 黒子店",36.2534908,139.9758516,0,0,0,FALSE,FALSE,"重複なし(企業結合の影響なし)"
"ツルハドラッグ 宇都宮白沢店",36.620759,139.932545,0,0,0,FALSE,FALSE,"重複なし(企業結合の影響なし)"
"ツルハドラッグ さくら富野岡店",36.6911729,139.9457351,0,3,3,FALSE,FALSE,"重複なし(企業結合の影響なし)"
"ツルハドラッグ 矢板片岡店",36.7492918,139.9507476,0,2,2,FALSE,FALSE,"重複なし(企業結合の影響なし)"
"ツルハドラッグ さくら氏家店",36.705781099999996,139.9690711,0,4,4,FALSE,FALSE,"重複なし(企業結合の影響なし)"
"ツルハドラッグ 大田原薄葉店",36.8310688,139.9754905,0,2,2,FALSE,FALSE,"重複なし(企業結合の影響なし)"
"ツルハドラッグ 亀山北店",36.463328600000004,139.9926229,2,4,4,TRUE,FALSE,"競争維持(競争者2グループ以上)"
"ツルハドラッグ 宇都宮ゆいの杜店",36.5719298,139.9929669,2,7,7,TRUE,FALSE,"競争維持(競争者2グループ以上)"
"ツルハドラッグ 喜連川店",36.721824,140.022012,1,1,1,TRUE,TRUE,"懸念:複占化(結合後の競争者1)"
"ツルハドラッグ 那須塩原島方店",36.936402699999995,140.0128154,1,2,2,TRUE,FALSE,"競争維持(競争者2グループ以上)"
"ツルハドラッグ 那須高原店",37.0440347,140.0164651,0,1,1,FALSE,FALSE,"重複なし(企業結合の影響なし)"
"杏林堂",36.8607775,140.1148288,0,3,3,FALSE,FALSE,"重複なし(企業結合の影響なし)"
"ツルハドラッグ 烏山店",36.6551166,140.1553334,0,3,4,FALSE,FALSE,"重複なし(企業結合の影響なし)"
"ツルハドラッグ 八郷店",36.2452465,140.1963535,0,2,2,FALSE,FALSE,"重複なし(企業結合の影響なし)"
"ツルハドラッグ 白河白坂店",37.100546099999995,140.1965959,0,7,7,FALSE,FALSE,"重複なし(企業結合の影響なし)"
"ツルハドラッグ 白河結城店",37.1194817,140.2284076,0,6,6,FALSE,FALSE,"重複なし(企業結合の影響なし)"
"ツルハドラッグ 古河中央店",36.192177799999996,139.71129539999998,6,15,16,TRUE,FALSE,"競争維持(競争者2グループ以上)"
"くすりの福太郎西新井店",35.771416599999995,139.781255,3,10,17,TRUE,FALSE,"競争維持(競争者2グループ以上)"
"調剤薬局くすりの福太郎 西新井大師前駅店",35.778690999999995,139.781306,5,10,23,TRUE,FALSE,"競争維持(競争者2グループ以上)"
"ツルハドラッグ 草加5丁目店",35.837382999999996,139.802899,7,8,22,TRUE,FALSE,"競争維持(競争者2グループ以上)"
"調剤薬局くすりの福太郎 川間店",35.9796476,139.8335898,2,10,11,TRUE,FALSE,"競争維持(競争者2グループ以上)"
"くすりの福太郎葛飾鎌倉店",35.743953,139.881894,0,3,5,FALSE,FALSE,"重複なし(企業結合の影響なし)"
"くすりの福太郎大谷田店",35.7795438,139.84515140000002,8,11,21,TRUE,FALSE,"競争維持(競争者2グループ以上)"
"くすりの福太郎三郷中央店",35.8244733,139.8783027,0,7,9,FALSE,FALSE,"重複なし(企業結合の影響なし)"
"くすりの福太郎八潮駅前店",35.807176,139.844778,2,15,17,TRUE,FALSE,"競争維持(競争者2グループ以上)"
"調剤薬局くすりの福太郎 三郷中央店",35.824346999999996,139.87882399999998,0,7,9,FALSE,FALSE,"重複なし(企業結合の影響なし)"
"調剤薬局くすりの福太郎 吉川駅前店",35.87678150000001,139.8428987,3,9,15,TRUE,FALSE,"競争維持(競争者2グループ以上)"
"くすりの福太郎宮久保4丁目店",35.7414961,139.937959,3,3,4,TRUE,FALSE,"競争維持(競争者2グループ以上)"
"くすりの福太郎市川大野駅前店",35.7539827,139.9516907,2,5,6,TRUE,FALSE,"競争維持(競争者2グループ以上)"
"調剤薬局くすりの福太郎 東松戸店",35.7706333,139.9461241,1,6,8,TRUE,FALSE,"競争維持(競争者2グループ以上)"
"調剤薬局くすりの福太郎 柏旭町店",35.862716,139.96957899999998,4,10,19,TRUE,FALSE,"競争維持(競争者2グループ以上)"
"くすりの福太郎東鎌ケ谷店",35.7635947,140.0157592,5,10,15,TRUE,FALSE,"競争維持(競争者2グループ以上)"
"くすりの福太郎東道野辺店",35.7488536,139.9996857,0,6,8,FALSE,FALSE,"重複なし(企業結合の影響なし)"
"くすりの福太郎アクロスモール新鎌ケ谷店",35.7809725,140.00131489999998,3,8,10,TRUE,FALSE,"競争維持(競争者2グループ以上)"
"調剤薬局くすりの福太郎 三咲店",35.751298,140.028382,3,5,6,TRUE,FALSE,"競争維持(競争者2グループ以上)"
"調剤薬局くすりの福太郎 新鎌ケ谷南口店",35.777777,139.9975366,3,7,8,TRUE,FALSE,"競争維持(競争者2グループ以上)"
"調剤薬局くすりの福太郎 新鎌ケ谷北口店",35.7806822,139.9991914,3,7,9,TRUE,FALSE,"競争維持(競争者2グループ以上)"
"くすりの福太郎西白井店",35.7982344,140.0307439,1,2,3,TRUE,FALSE,"競争維持(競争者2グループ以上)"
"ツルハドラッグ 富士見ヶ丘店",36.0026003,140.0331467,1,6,6,TRUE,FALSE,"競争維持(競争者2グループ以上)"
"くすりの福太郎白井駅前店",35.7825506,140.054332,1,5,5,TRUE,FALSE,"競争維持(競争者2グループ以上)"
"ダイソー くすりの福太郎白井店",35.7838561,140.04714550000003,1,5,7,TRUE,FALSE,"競争維持(競争者2グループ以上)"
"調剤薬局くすりの福太郎 豊富店",35.7634773,140.0736987,0,0,0,FALSE,FALSE,"重複なし(企業結合の影響なし)"
"調剤薬局くすりの福太郎 天王台店",35.8717105,140.0437087,1,5,7,TRUE,FALSE,"競争維持(競争者2グループ以上)"
"くすりの福太郎印西内野店",35.797295999999996,140.12781809999998,5,10,10,TRUE,FALSE,"競争維持(競争者2グループ以上)"
"くすりの福太郎千葉ニュータウン店",35.80197,140.11556199999998,5,8,8,TRUE,FALSE,"競争維持(競争者2グループ以上)"
"調剤薬局くすりの福太郎 筑波学園店",36.0394187,140.09781189999998,1,4,4,TRUE,FALSE,"競争維持(競争者2グループ以上)"
"くすりの福太郎フォレストモール印西牧の原店",35.80658,140.178586,0,8,8,FALSE,FALSE,"重複なし(企業結合の影響なし)"
"調剤薬局くすりの福太郎 本埜店",35.8067997,140.1799079,0,8,8,FALSE,FALSE,"重複なし(企業結合の影響なし)"
"調剤薬局くすりの福太郎 フォレストモール印西牧の原店",35.8067024,140.1784666,0,8,8,FALSE,FALSE,"重複なし(企業結合の影響なし)"
"ツルハドラッグ 荒川本郷店",36.0225617,140.17739029999998,2,12,13,TRUE,FALSE,"競争維持(競争者2グループ以上)"
"ツルハドラッグ 土浦小松店",36.072412299999996,140.2041721,3,15,17,TRUE,FALSE,"競争維持(競争者2グループ以上)"
"調剤薬局くすりの福太郎 成田はなのき台店",35.778676000000004,140.28562,3,7,13,TRUE,FALSE,"競争維持(競争者2グループ以上)"
"ツルハドラッグ 千代田店",36.1349131,140.24109149999998,1,12,13,TRUE,FALSE,"競争維持(競争者2グループ以上)"
"ツルハドラッグ 石岡店",36.1885221,140.2749282,1,6,6,TRUE,FALSE,"競争維持(競争者2グループ以上)"
"ツルハドラッグ 江戸崎店",35.9588536,140.31605589999998,0,5,5,FALSE,FALSE,"重複なし(企業結合の影響なし)"
"ツルハドラッグ 羽鳥店",36.249011599999996,140.302367,2,1,1,TRUE,TRUE,"懸念:複占化(結合後の競争者1)"
"ツルハドラッグ 友部店",36.3270644,140.3239092,2,10,10,TRUE,FALSE,"競争維持(競争者2グループ以上)"
"ツルハドラッグ 御前山店",36.5488493,140.331918,0,1,1,FALSE,FALSE,"重複なし(企業結合の影響なし)"
"ツルハドラッグ 茨城小川店",36.192563899999996,140.3814657,0,1,1,FALSE,FALSE,"重複なし(企業結合の影響なし)"
"ツルハドラッグ 水戸南店",36.3098342,140.4398525,2,3,3,TRUE,FALSE,"競争維持(競争者2グループ以上)"
"ツルハドラッグ 矢祭店",36.866392,140.425767,0,0,0,FALSE,FALSE,"重複なし(企業結合の影響なし)"
"ツルハドラッグ 那珂竹ノ内店",36.452027,140.501396,2,9,9,TRUE,FALSE,"競争維持(競争者2グループ以上)"
"ツルハドラッグ 東海中央店",36.4580572,140.56582799999998,5,5,5,TRUE,FALSE,"競争維持(競争者2グループ以上)"
"ツルハドラッグ 日立桜川店",36.5599086,140.6276842,0,13,13,FALSE,FALSE,"重複なし(企業結合の影響なし)"
"ツルハドラッグ 日立十王店",36.6816154,140.6830646,0,3,3,FALSE,FALSE,"重複なし(企業結合の影響なし)"
"ツルハドラッグ 高萩手綱店",36.727513099999996,140.7137706,0,4,4,FALSE,FALSE,"重複なし(企業結合の影響なし)"
"ツルハドラッグ いわき錦店",36.9058688,140.78916429999998,1,8,10,TRUE,FALSE,"競争維持(競争者2グループ以上)"
"杏林堂ドラッグストア 新所原駅南店",34.7207813,137.4849032,3,4,4,TRUE,FALSE,"競争維持(競争者2グループ以上)"
"杏林堂薬局 志都呂店",34.6988945,137.66450849999998,2,8,8,TRUE,FALSE,"競争維持(競争者2グループ以上)"
"杏林堂ドラッグストア H＆B Special 泉店",34.7453461,137.7187146,0,7,8,FALSE,FALSE,"重複なし(企業結合の影響なし)"
"杏林堂薬局 メイワンエキチカ店",34.7041687,137.734452,2,13,15,TRUE,FALSE,"競争維持(競争者2グループ以上)"
"杏林堂薬局 ピーワンプラザ天王店",34.735206,137.765529,1,7,8,TRUE,FALSE,"競争維持(競争者2グループ以上)"
"杏林堂ドラッグストア 上島駅前店",34.7414293,137.7467278,1,4,5,TRUE,FALSE,"競争維持(競争者2グループ以上)"
"杏林堂ドラッグストア 新津店",34.7215531,137.742147,1,3,6,TRUE,FALSE,"競争維持(競争者2グループ以上)"
"杏林堂ドラッグストア 伝馬町店",34.7062642,137.7285302,2,9,11,TRUE,FALSE,"競争維持(競争者2グループ以上)"
"杏林堂薬局 上西店",34.7251435,137.7523136,2,5,7,TRUE,FALSE,"競争維持(競争者2グループ以上)"
"杏林堂薬局 遠州病院前店",34.7130785,137.7352673,2,8,9,TRUE,FALSE,"競争維持(競争者2グループ以上)"
"杏林堂薬局 労災病院前店",34.7154545,137.7556391,1,6,8,TRUE,FALSE,"競争維持(競争者2グループ以上)"
"杏林堂薬局 小豆餅店",34.754478399999996,137.7316301,0,7,7,FALSE,FALSE,"重複なし(企業結合の影響なし)"
"杏林堂ドラッグストア 新初生店",34.7725301,137.7243645,5,12,14,TRUE,FALSE,"競争維持(競争者2グループ以上)"
"杏林堂薬局 ハーバル薬局",34.776939,137.7416388,1,4,4,TRUE,FALSE,"競争維持(競争者2グループ以上)"
"杏林堂薬局 浜松医大調剤センター",34.770905899999995,137.7440373,1,4,4,TRUE,FALSE,"競争維持(競争者2グループ以上)"
"杏林堂ドラッグストア 竜洋店",34.6733274,137.8155065,0,1,1,FALSE,FALSE,"重複なし(企業結合の影響なし)"
"杏林堂ドラッグストア 竜洋店駐車場",34.673605800000004,137.8154085,0,1,1,FALSE,FALSE,"重複なし(企業結合の影響なし)"
"杏林堂ドラッグストア 豊田駅前店",34.7144562,137.8194332,0,3,3,FALSE,FALSE,"重複なし(企業結合の影響なし)"
"杏林堂ドラッグストア 中郡店",34.7699849,137.7829971,0,8,8,FALSE,FALSE,"重複なし(企業結合の影響なし)"
"杏林堂ドラッグストア 新原店",34.813908,137.7831917,0,6,6,FALSE,FALSE,"重複なし(企業結合の影響なし)"
"杏林堂薬局 弘済堂薬局",34.850192199999995,137.8117696,0,1,1,FALSE,FALSE,"重複なし(企業結合の影響なし)"
"ツルハドラッグ 飯田川路店",35.447777599999995,137.8132292,0,0,0,FALSE,FALSE,"重複なし(企業結合の影響なし)"
"杏林堂薬局 上岡田店",34.7047253,137.8499755,0,11,13,FALSE,FALSE,"重複なし(企業結合の影響なし)"
"杏林堂ドラッグストア 鳥之瀬店",34.711721499999996,137.8610316,0,16,17,FALSE,FALSE,"重複なし(企業結合の影響なし)"
"杏林堂薬局 磐田市立病院前店",34.766853,137.856279,0,0,0,FALSE,FALSE,"重複なし(企業結合の影響なし)"
"ツルハドラッグ 飯田駅前店",35.5196555,137.8225987,1,10,10,TRUE,FALSE,"競争維持(競争者2グループ以上)"
"ツルハドラッグ 飯田西鼎店",35.5072459,137.8372211,1,10,12,TRUE,FALSE,"競争維持(競争者2グループ以上)"
"杏林堂ドラッグストア 岩井店",34.7403838,137.8777475,1,8,8,TRUE,FALSE,"競争維持(競争者2グループ以上)"
"杏林堂薬局 西貝塚店",34.719322399999996,137.8729137,1,13,13,TRUE,FALSE,"競争維持(競争者2グループ以上)"
"杏林堂ドラッグストア 袋井西田店",34.7416391,137.9127483,2,8,9,TRUE,FALSE,"競争維持(競争者2グループ以上)"
"杏林堂ドラッグストア 森町店",34.8241474,137.91959939999998,1,4,4,TRUE,FALSE,"競争維持(競争者2グループ以上)"
"杏林堂ドラッグストア 袋井国本店",34.7562231,137.9339258,1,2,2,TRUE,FALSE,"競争維持(競争者2グループ以上)"
"杏林堂ドラッグストア 掛川物流センター",34.7783284,138.0591459,0,0,0,FALSE,FALSE,"重複なし(企業結合の影響なし)"
"杏林堂ドラッグストア 小笠店",34.7013406,138.0944016,1,3,3,TRUE,FALSE,"競争維持(競争者2グループ以上)"
"杏林堂薬局 菊川病院前店",34.7345931,138.0983437,4,4,4,TRUE,FALSE,"競争維持(競争者2グループ以上)"
"杏林堂薬局 浜岡店",34.6353915,138.1306429,1,3,3,TRUE,FALSE,"競争維持(競争者2グループ以上)"
"杏林堂ドラッグストア 浜岡店 店外トイレ",34.6354654,138.1303324,1,3,3,TRUE,FALSE,"競争維持(競争者2グループ以上)"
"杏林堂ドラッグストア 島田駅南店",34.829330299999995,138.17124719999998,4,12,13,TRUE,FALSE,"競争維持(競争者2グループ以上)"
"杏林堂ドラッグストア藤枝駅北店",34.852199399999996,138.24668830000002,4,10,12,TRUE,FALSE,"競争維持(競争者2グループ以上)"
"杏林堂ドラッグストア 藤枝駅北店",34.8512158,138.24710199999998,4,10,12,TRUE,FALSE,"競争維持(競争者2グループ以上)"
"杏林堂ドラッグストア 焼津大住店",34.8474242,138.2913752,6,9,9,TRUE,FALSE,"競争維持(競争者2グループ以上)"
"杏林堂ドラッグストア 西焼津駅北店",34.860949999999995,138.28485129999999,3,12,14,TRUE,FALSE,"競争維持(競争者2グループ以上)"
"杏林堂薬局 静岡登呂店",34.960410200000005,138.4122118,4,8,10,TRUE,FALSE,"競争維持(競争者2グループ以上)"
"杏林堂ドラッグストア 静岡大坪店",34.9637633,138.39810939999998,8,6,12,TRUE,FALSE,"競争維持(競争者2グループ以上)"
"杏林堂薬局 静岡千代田店",35.000459,138.4075291,6,6,6,TRUE,FALSE,"競争維持(競争者2グループ以上)"
"杏林堂ドラッグストア 静岡小鹿店",34.9706511,138.42213909999998,2,5,6,TRUE,FALSE,"競争維持(競争者2グループ以上)"
"杏林堂ドラッグストア テレビ静岡前店",34.9906856,138.4260933,5,10,11,TRUE,FALSE,"競争維持(競争者2グループ以上)"
"杏林堂ドラッグストア 静岡小鹿店 調剤薬局",34.970414999999996,138.4220609,2,5,6,TRUE,FALSE,"競争維持(競争者2グループ以上)"
"杏林堂薬局 瀬名川店",35.0084848,138.4255344,6,14,14,TRUE,FALSE,"競争維持(競争者2グループ以上)"
"杏林堂ドラッグストア 静岡草薙店 調剤",35.0001999,138.4342404,5,14,14,TRUE,FALSE,"競争維持(競争者2グループ以上)"
"ツルハドラッグ 南アルプス桃園店",35.6273128,138.46451159999998,1,7,8,TRUE,FALSE,"競争維持(競争者2グループ以上)"
"ツルハドラッグ 峡西店",35.603929199999996,138.4675352,1,6,6,TRUE,FALSE,"競争維持(競争者2グループ以上)"
"ツルハドラッグ 甲府徳行店",35.648455299999995,138.54860069999998,0,9,10,FALSE,FALSE,"重複なし(企業結合の影響なし)"
"ツルハドラッグ甲府徳行店",35.6489045,138.5489411,0,10,10,FALSE,FALSE,"重複なし(企業結合の影響なし)"
"調剤薬局ツルハドラッグ 山梨中央店",35.606946,138.541224,1,6,6,TRUE,FALSE,"競争維持(競争者2グループ以上)"
"杏林堂ドラッグストア 富士宮浅間店",35.2185275,138.61063240000001,8,10,10,TRUE,FALSE,"競争維持(競争者2グループ以上)"
"ツルハドラッグ 甲府向町店",35.6491376,138.6105849,0,15,15,FALSE,FALSE,"重複なし(企業結合の影響なし)"
"杏林堂ドラッグストア 富士松岡店",35.162701399999996,138.6433789,3,19,21,TRUE,FALSE,"競争維持(競争者2グループ以上)"
"杏林堂ドラッグストア 富士厚原店",35.189725800000005,138.66216169999998,3,9,12,TRUE,FALSE,"競争維持(競争者2グループ以上)"
"杏林堂ドラッグストア ながいずみ中土狩店",35.1370407,138.9070475,9,5,12,TRUE,FALSE,"競争維持(競争者2グループ以上)"
"ツルハドラッグ 都留赤坂店",35.565146,138.917507,0,4,4,FALSE,FALSE,"重複なし(企業結合の影響なし)"
"ウェルネス 境港店",35.5415403,133.2225624,1,7,7,TRUE,FALSE,"競争維持(競争者2グループ以上)"
"ウェルネス 境港渡店",35.5226354,133.2123551,1,4,4,TRUE,FALSE,"競争維持(競争者2グループ以上)"
"ウェルネス 米原店",35.4459776,133.3270552,0,20,22,FALSE,FALSE,"重複なし(企業結合の影響なし)"
"ウェルネス 旗ヶ崎店",35.4374719,133.3100582,1,9,9,TRUE,FALSE,"競争維持(競争者2グループ以上)"
"ウェルネス 角盤店",35.435262699999996,133.3301688,1,23,25,TRUE,FALSE,"競争維持(競争者2グループ以上)"
"ウェルネス 夜見店",35.4673642,133.3072226,1,1,1,TRUE,TRUE,"懸念:複占化(結合後の競争者1)"
"ウェルネス五千石店",35.4001321,133.3735041,0,5,5,FALSE,FALSE,"重複なし(企業結合の影響なし)"
"ウェルネス 昭和町店",35.426274,133.34358229999998,1,16,17,TRUE,FALSE,"競争維持(競争者2グループ以上)"
"ウェルネス 上福原店",35.44873750000001,133.3551258,1,15,17,TRUE,FALSE,"競争維持(競争者2グループ以上)"
"ウェルネス 東福原店",35.434878999999995,133.34784,2,18,19,TRUE,FALSE,"競争維持(競争者2グループ以上)"
"ウェルネス みのかや店",35.430908699999996,133.3842048,4,2,2,TRUE,FALSE,"競争維持(競争者2グループ以上)"
"ウェルネス 溝口店",35.3464308,133.4340044,0,0,0,FALSE,FALSE,"重複なし(企業結合の影響なし)"
"ウェルネス 大山店",35.5217952,133.5684629,0,2,2,FALSE,FALSE,"重複なし(企業結合の影響なし)"
"ウェルネス 東伯店",35.5042352,133.6873714,0,4,4,FALSE,FALSE,"重複なし(企業結合の影響なし)"
"ウェルネス 琴浦店",35.503212,133.68009899999998,0,4,4,FALSE,FALSE,"重複なし(企業結合の影響なし)"
"ウェルネス 北栄店",35.4904228,133.7605556,0,2,2,FALSE,FALSE,"重複なし(企業結合の影響なし)"
"ウェルネス 生田店",35.417245199999996,133.8056772,0,6,6,FALSE,FALSE,"重複なし(企業結合の影響なし)"
"ウェルネス 倉吉東店",35.4324021,133.8437841,1,8,9,TRUE,FALSE,"競争維持(競争者2グループ以上)"
"ウェルネス 八屋店",35.4443031,133.8486087,2,6,7,TRUE,FALSE,"競争維持(競争者2グループ以上)"
"ＷＡＳＨハウス ウェルネス八屋店",35.444069299999995,133.8484724,2,6,7,TRUE,FALSE,"競争維持(競争者2グループ以上)"
"ウェルネス ハワイ店",35.486239499999996,133.8592889,0,1,1,FALSE,FALSE,"重複なし(企業結合の影響なし)"
"ウエルネス薬局",35.0637409,134.0014488,0,11,11,FALSE,FALSE,"重複なし(企業結合の影響なし)"
"くすりのレデイ津山高野店",35.074542099999995,134.0438887,1,5,5,TRUE,FALSE,"競争維持(競争者2グループ以上)"
"ウェルネス 気高店",35.513827,134.0467769,0,2,2,FALSE,FALSE,"重複なし(企業結合の影響なし)"
"ウェルネス 湖山店",35.5145219,134.1895242,1,9,11,TRUE,FALSE,"競争維持(競争者2グループ以上)"
"ウェルネス 湖山東店",35.516756099999995,134.18593909999998,1,8,10,TRUE,FALSE,"競争維持(競争者2グループ以上)"
"ウェルネス 河原店",35.426738199999996,134.206448,0,0,0,FALSE,FALSE,"重複なし(企業結合の影響なし)"
"ウェルネス 叶店",35.4746885,134.2177079,0,11,11,FALSE,FALSE,"重複なし(企業結合の影響なし)"
"ウェルネス 吉成店",35.481482,134.2273519,2,22,26,TRUE,FALSE,"競争維持(競争者2グループ以上)"
"ウェルネス 丸山店",35.520352599999995,134.2264463,0,3,3,FALSE,FALSE,"重複なし(企業結合の影響なし)"
"ウェルネス 郡家店",35.4193018,134.2594966,0,0,0,FALSE,FALSE,"重複なし(企業結合の影響なし)"
"ウェルネス 立川店",35.4895943,134.2408256,2,20,24,TRUE,FALSE,"競争維持(競争者2グループ以上)"
"ウェルネス 岩美店",35.567433799999996,134.3244676,0,4,4,FALSE,FALSE,"重複なし(企業結合の影響なし)"
"ウォンツ 徳佐店",34.3942876,131.7185638,0,1,1,FALSE,FALSE,"重複なし(企業結合の影響なし)"
"ウェルネス薬局 益田日赤病院前店",34.682665799999995,131.8421597,2,11,11,TRUE,FALSE,"競争維持(競争者2グループ以上)"
"ウェルネス 浜田医療センター前店",34.9035448,132.0861007,2,6,6,TRUE,FALSE,"競争維持(競争者2グループ以上)"
"ウォンツ 鷹の巣店",34.3606111,132.2304045,0,0,0,FALSE,FALSE,"重複なし(企業結合の影響なし)"
"ウェルネス 嘉久志店",35.0070694,132.2126219,0,6,6,FALSE,FALSE,"重複なし(企業結合の影響なし)"
"ウェルネス 江津店",35.0015821,132.2011914,0,7,7,FALSE,FALSE,"重複なし(企業結合の影響なし)"
"ウォンツ 大野早時店",34.3018102,132.2911475,0,2,2,FALSE,FALSE,"重複なし(企業結合の影響なし)"
"ウォンツ 宮内店",34.3450038,132.30665199999999,1,5,5,TRUE,FALSE,"競争維持(競争者2グループ以上)"
"ウォンツ JA広島総合病院前店",34.342696,132.3230602,1,12,12,TRUE,FALSE,"競争維持(競争者2グループ以上)"
"ウォンツ ハローズ宮内店",34.3454882,132.3052097,1,5,5,TRUE,FALSE,"競争維持(競争者2グループ以上)"
"ワッツウィズ JA広島総合病院前ウォンツ店",34.3424072,132.3231411,1,11,11,TRUE,FALSE,"競争維持(競争者2グループ以上)"
"ウォンツ 井口明神店",34.3733729,132.3896642,0,3,3,FALSE,FALSE,"重複なし(企業結合の影響なし)"
"くすりのレデイ 井口店",34.366802,132.380329,0,8,10,FALSE,FALSE,"重複なし(企業結合の影響なし)"
"くすりのレデイ フジ井口店",34.377882,132.379604,1,7,9,TRUE,FALSE,"競争維持(競争者2グループ以上)"
"ウォンツ フレスポ西風新都店",34.446010199999996,132.3789237,0,2,2,FALSE,FALSE,"重複なし(企業結合の影響なし)"
"ウォンツ 下河内店",34.4060874,132.3542156,0,1,1,FALSE,FALSE,"重複なし(企業結合の影響なし)"
"ウォンツ 己斐本町店",34.3928899,132.4251505,3,5,6,TRUE,FALSE,"競争維持(競争者2グループ以上)"
"くすりのウェルネススパーク堺町店",34.3941655,132.4480103,3,20,31,TRUE,FALSE,"競争維持(競争者2グループ以上)"
"ウォンツ 舟入本町店",34.3848531,132.4418945,2,18,24,TRUE,FALSE,"競争維持(競争者2グループ以上)"
"ウォンツ 庚午中店",34.3827079,132.4104655,1,3,3,TRUE,FALSE,"競争維持(競争者2グループ以上)"
"ウォンツ 舟入町店",34.389715699999996,132.4448531,3,18,27,TRUE,FALSE,"競争維持(競争者2グループ以上)"
"ウォンツ 観音店",34.3824548,132.4294592,2,7,8,TRUE,FALSE,"競争維持(競争者2グループ以上)"
"ウォンツ 庚午店",34.3894522,132.4181869,2,3,3,TRUE,FALSE,"競争維持(競争者2グループ以上)"
"ウォンツ 西観音店",34.3928838,132.4356374,4,10,13,TRUE,FALSE,"競争維持(競争者2グループ以上)"
"ウォンツ 己斐駅前店",34.3983929,132.42960689999998,4,5,6,TRUE,FALSE,"競争維持(競争者2グループ以上)"
"ウォンツ 吉島店",34.372907399999995,132.44518739999998,1,11,13,TRUE,FALSE,"競争維持(競争者2グループ以上)"
"ウォンツ 舟入市民病院前店",34.3863882,132.4401191,3,16,21,TRUE,FALSE,"競争維持(競争者2グループ以上)"
"くすりのレデイ 南観音店",34.38164,132.43204599999999,2,7,8,TRUE,FALSE,"競争維持(競争者2グループ以上)"
"ウォンツ 中広通り店",34.3992895,132.4410097,3,17,23,TRUE,FALSE,"競争維持(競争者2グループ以上)"
"ウォンツ 江波店",34.3722901,132.4345408,1,8,8,TRUE,FALSE,"競争維持(競争者2グループ以上)"
"くすりのウェルネス江波店",34.3664495,132.43131549999998,1,6,6,TRUE,FALSE,"競争維持(競争者2グループ以上)"
"ウォンツ 中広町1丁目店",34.4003562,132.443397,2,18,28,TRUE,FALSE,"競争維持(競争者2グループ以上)"
"くすりのレデイ 上安店",34.4738565,132.4487368,0,6,6,FALSE,FALSE,"重複なし(企業結合の影響なし)"
"ウォンツ 伴東店",34.4651187,132.42012309999998,1,5,5,TRUE,FALSE,"競争維持(競争者2グループ以上)"
"くすりのレデイ 長楽寺店",34.470844,132.431952,1,2,2,TRUE,FALSE,"競争維持(競争者2グループ以上)"
"ウォンツ 長楽寺店",34.4731711,132.4305341,1,2,2,TRUE,FALSE,"競争維持(競争者2グループ以上)"
"ウォンツ 沼田伴店",34.4636213,132.4119703,1,4,4,TRUE,FALSE,"競争維持(競争者2グループ以上)"
"ウォンツ 伴中央店",34.4525989,132.4051881,0,4,5,FALSE,FALSE,"重複なし(企業結合の影響なし)"
"ウォンツ 幟町店",34.396627699999996,132.46838309999998,1,15,26,TRUE,FALSE,"競争維持(競争者2グループ以上)"
"ウォンツ 平和大通り店",34.3900581,132.45730899999998,2,19,31,TRUE,FALSE,"競争維持(競争者2グループ以上)"
"ウォンツ 宇品東店",34.3651324,132.4705074,0,6,7,FALSE,FALSE,"重複なし(企業結合の影響なし)"
"くすりのウエルネス｜バスセンター店",34.3960936,132.4572651,2,18,31,TRUE,FALSE,"競争維持(競争者2グループ以上)"
"ウォンツ銀山店",34.3935773,132.46663329999998,1,15,27,TRUE,FALSE,"競争維持(競争者2グループ以上)"
"ウォンツ 八丁堀店",34.395125199999995,132.4624762,1,16,29,TRUE,FALSE,"競争維持(競争者2グループ以上)"
"ウォンツ薬局 翠店",34.368305,132.4658583,0,8,11,FALSE,FALSE,"重複なし(企業結合の影響なし)"
"ウォンツ薬局 八丁堀交差点前店",34.393991,132.463956,1,16,28,TRUE,FALSE,"競争維持(競争者2グループ以上)"
"ウォンツ 祇園店",34.4414611,132.4600591,2,8,9,TRUE,FALSE,"競争維持(競争者2グループ以上)"
"ウォンツ 西原店",34.4454085,132.4689584,2,11,12,TRUE,FALSE,"競争維持(競争者2グループ以上)"
"ウォンツ 三篠店",34.418436199999995,132.45612260000001,1,6,9,TRUE,FALSE,"競争維持(競争者2グループ以上)"
"ウォンツ 楠木店",34.412718999999996,132.4596306,1,7,9,TRUE,FALSE,"競争維持(競争者2グループ以上)"
"ウォンツ 長束店",34.431781099999995,132.4608165,2,4,5,TRUE,FALSE,"競争維持(競争者2グループ以上)"
"ウォンツ 白島店",34.4058541,132.4598675,1,16,28,TRUE,FALSE,"競争維持(競争者2グループ以上)"
"ウォンツ 牛田旭店",34.412077599999996,132.47034209999998,0,7,10,FALSE,FALSE,"重複なし(企業結合の影響なし)"
"ウォンツ 牛田店",34.4127736,132.4741669,0,6,8,FALSE,FALSE,"重複なし(企業結合の影響なし)"
"ウォンツ 大町西店",34.466786,132.46077599999998,0,16,17,FALSE,FALSE,"重複なし(企業結合の影響なし)"
"ウォンツ 高陽矢口店",34.464198100000004,132.49590630000003,1,10,10,TRUE,FALSE,"競争維持(競争者2グループ以上)"
"ウォンツ 緑井店",34.4688547,132.46849170000002,1,17,19,TRUE,FALSE,"競争維持(競争者2グループ以上)"
"ウォンツ 安古市店",34.4690279,132.4592249,0,16,17,FALSE,FALSE,"重複なし(企業結合の影響なし)"
"ウォンツ フジ古市店",34.452821799999995,132.4672755,3,18,19,TRUE,FALSE,"競争維持(競争者2グループ以上)"
"くすりのレデイ 毘沙門店",34.476547,132.46147,0,10,11,FALSE,FALSE,"重複なし(企業結合の影響なし)"
"ウォンツ薬局 相田店",34.4701423,132.4570627,0,15,16,FALSE,FALSE,"重複なし(企業結合の影響なし)"
"ウォンツ 亀山店",34.5244243,132.4995772,2,10,12,TRUE,FALSE,"競争維持(競争者2グループ以上)"
"ウォンツ薬局 安佐市民病院店",34.5169637,132.4962468,2,10,11,TRUE,FALSE,"競争維持(競争者2グループ以上)"
"ウェルネス 川本店",34.9637983,132.4726719,1,2,2,TRUE,FALSE,"競争維持(競争者2グループ以上)"
"ウェルネス 大田店",35.1986317,132.4904949,1,7,8,TRUE,FALSE,"競争維持(競争者2グループ以上)"
"ウェルネス 大田薬局",35.1986649,132.4905841,1,7,8,TRUE,FALSE,"競争維持(競争者2グループ以上)"
"ウォンツ 坂店",34.3426446,132.5122268,0,4,4,FALSE,FALSE,"重複なし(企業結合の影響なし)"
"ウォンツ 府中本町店",34.397545,132.5054926,2,7,8,TRUE,FALSE,"競争維持(競争者2グループ以上)"
"ウォンツ 海田栄町店",34.3624108,132.53442619999998,1,11,13,TRUE,FALSE,"競争維持(競争者2グループ以上)"
"くすりのレデイ 矢野駅前店",34.352033,132.53304699999998,0,8,8,FALSE,FALSE,"重複なし(企業結合の影響なし)"
"くすりのレデイ 海田店",34.363852,132.53888,1,11,13,TRUE,FALSE,"競争維持(競争者2グループ以上)"
"ウォンツ 府中浜田店",34.387698199999996,132.508508,1,9,9,TRUE,FALSE,"競争維持(競争者2グループ以上)"
"ウォンツ 府中新地店",34.3832094,132.500551,1,9,9,TRUE,FALSE,"競争維持(競争者2グループ以上)"
"ウォンツ薬局 府中桃山店",34.3805749,132.5066101,2,11,11,TRUE,FALSE,"競争維持(競争者2グループ以上)"
"くすりのウェルネス 府中浜田店",34.387426,132.510399,1,9,9,TRUE,FALSE,"競争維持(競争者2グループ以上)"
"ウォンツ薬局 メディカルモール向洋駅北店",34.3787357,132.5051748,2,11,11,TRUE,FALSE,"競争維持(競争者2グループ以上)"
"ウォンツ フォレオ広島東店",34.4080067,132.50348449999998,2,3,4,TRUE,FALSE,"競争維持(競争者2グループ以上)"
"ウォンツ 落合南店",34.4702108,132.5100773,0,6,6,FALSE,FALSE,"重複なし(企業結合の影響なし)"
"ウォンツ 口田店",34.464876499999995,132.5026735,1,6,6,TRUE,FALSE,"競争維持(競争者2グループ以上)"
"ウォンツ アクロスプラザ高陽店",34.4815937,132.52929749999998,0,4,4,FALSE,FALSE,"重複なし(企業結合の影響なし)"
"ウォンツ 高陽落合店",34.472807599999996,132.5128061,0,7,7,FALSE,FALSE,"重複なし(企業結合の影響なし)"
"ウォンツ福田店",34.4550048,132.5458098,0,0,0,FALSE,FALSE,"重複なし(企業結合の影響なし)"
"ウォンツ 可部店",34.5217209,132.5133208,3,11,13,TRUE,FALSE,"競争維持(競争者2グループ以上)"
"ウォンツ 三入店",34.5374397,132.5246304,1,3,3,TRUE,FALSE,"競争維持(競争者2グループ以上)"
"ウォンツ フジ三入店",34.5407577,132.5268475,1,3,3,TRUE,FALSE,"競争維持(競争者2グループ以上)"
"ウォンツ薬局 メディカルモール安佐北店",34.5069607,132.5151567,2,10,10,TRUE,FALSE,"競争維持(競争者2グループ以上)"
"ウォンツ 千代田店",34.6759984,132.5391467,0,5,5,FALSE,FALSE,"重複なし(企業結合の影響なし)"
"ウェルネス 大田中央店",35.1969706,132.5009577,1,8,9,TRUE,FALSE,"競争維持(競争者2グループ以上)"
"ウォンツ 熊野店",34.3464982,132.5915022,0,2,2,FALSE,FALSE,"重複なし(企業結合の影響なし)"
"ウォンツ ハローズ熊野モール店",34.3319815,132.5760044,0,5,5,FALSE,FALSE,"重複なし(企業結合の影響なし)"
"ウォンツ 黒瀬店",34.3256738,132.6648903,0,2,2,FALSE,FALSE,"重複なし(企業結合の影響なし)"
"くすりのレデイ 黒瀬店",34.320737,132.66807799999998,0,2,2,FALSE,FALSE,"重複なし(企業結合の影響なし)"
"ウォンツ 八本松店",34.447406099999995,132.69962750000002,1,4,4,TRUE,FALSE,"競争維持(競争者2グループ以上)"
"ウォンツ 白木店",34.5522516,132.6630352,0,0,0,FALSE,FALSE,"重複なし(企業結合の影響なし)"
"ウェルネス 出雲大社店",35.3876608,132.69501990000003,0,3,3,FALSE,FALSE,"重複なし(企業結合の影響なし)"
"ウォンツ 西条御薗宇店",34.399121199999996,132.7386224,0,5,6,FALSE,FALSE,"重複なし(企業結合の影響なし)"
"ウォンツ 西条御条店",34.4220214,132.7454357,2,22,31,TRUE,FALSE,"競争維持(競争者2グループ以上)"
"くすりのレデイ 東広島店",34.4066245,132.7489853,1,9,12,TRUE,FALSE,"競争維持(競争者2グループ以上)"
"くすりのレデイ 広島西条店",34.42849,132.729701,1,16,24,TRUE,FALSE,"競争維持(競争者2グループ以上)"
"くすりのレデイ 下見店",34.407095999999996,132.70675400000002,0,2,2,FALSE,FALSE,"重複なし(企業結合の影響なし)"
"ウォンツ 吉田店",34.6655516,132.7054483,0,2,2,FALSE,FALSE,"重複なし(企業結合の影響なし)"
"ウェルネス 下古志店",35.3410368,132.73680819999998,1,1,1,TRUE,TRUE,"懸念:複占化(結合後の競争者1)"
"ウェルネス 神門店",35.3391625,132.7117437,0,2,2,FALSE,FALSE,"重複なし(企業結合の影響なし)"
"ドラッグストアウェルネス 神門店 駐車場",35.3393174,132.71149979999998,0,2,2,FALSE,FALSE,"重複なし(企業結合の影響なし)"
"ウェルネス 出雲ドーム北店",35.3850963,132.7412103,1,11,12,TRUE,FALSE,"競争維持(競争者2グループ以上)"
"ウェルネス 塩冶店",35.358408,132.746052,2,17,20,TRUE,FALSE,"競争維持(競争者2グループ以上)"
"ウォンツ 西条助実店",34.423437299999996,132.7537244,1,19,27,TRUE,FALSE,"競争維持(競争者2グループ以上)"
"ウォンツ 高屋店",34.4494781,132.7845882,1,5,5,TRUE,FALSE,"競争維持(競争者2グループ以上)"
"ウェルネス 大塚店",35.3787583,132.7509369,2,20,24,TRUE,FALSE,"競争維持(競争者2グループ以上)"
"ウェルネス 北本町店",35.36895,132.763612,1,18,22,TRUE,FALSE,"競争維持(競争者2グループ以上)"
"ウェルネス 出雲中野店",35.3806064,132.7688499,1,11,13,TRUE,FALSE,"競争維持(競争者2グループ以上)"
"ウェルネス 出雲駅北店",35.3607709,132.753573,3,18,23,TRUE,FALSE,"競争維持(競争者2グループ以上)"
"ウェルネス 出雲駅南薬局",35.3586227,132.7575554,3,16,20,TRUE,FALSE,"競争維持(競争者2グループ以上)"
"ウェルネス 上塩冶店",35.3546694,132.76159579999998,1,13,17,TRUE,FALSE,"競争維持(競争者2グループ以上)"
"ウェルネス薬局 医大北店",35.355686999999996,132.7582514,1,14,18,TRUE,FALSE,"競争維持(競争者2グループ以上)"
"ウェルネス 掛合店",35.2023432,132.814857,0,0,0,FALSE,FALSE,"重複なし(企業結合の影響なし)"
"ウェルネス 斐川店",35.3865215,132.8082121,0,5,5,FALSE,FALSE,"重複なし(企業結合の影響なし)"
"ウェルネス 平田西店",35.4284916,132.8128788,0,4,4,FALSE,FALSE,"重複なし(企業結合の影響なし)"
"ウェルネス 平田中ノ島店",35.4407196,132.8249655,0,4,4,FALSE,FALSE,"重複なし(企業結合の影響なし)"
"ウォンツ 三次東店",34.8054949,132.8757223,2,5,6,TRUE,FALSE,"競争維持(競争者2グループ以上)"
"ウォンツ 三次店",34.8050047,132.871296,2,5,6,TRUE,FALSE,"競争維持(競争者2グループ以上)"
"ウォンツ フレスポ三次プラザ店",34.8032379,132.8506371,3,4,5,TRUE,FALSE,"競争維持(競争者2グループ以上)"
"ウォンツ 三次十日市店",34.8026164,132.85262,3,4,5,TRUE,FALSE,"競争維持(競争者2グループ以上)"
"ウェルネス 三刀屋中央店",35.2962189,132.88521230000003,0,5,5,FALSE,FALSE,"重複なし(企業結合の影響なし)"
"ウェルネス 三刀屋店",35.30141,132.8918837,0,4,4,FALSE,FALSE,"重複なし(企業結合の影響なし)"
"くすりのレデイ フジ竹原店",34.347652,132.90263769999999,1,4,4,TRUE,FALSE,"競争維持(競争者2グループ以上)"
"ウォンツ 竹原店",34.345780399999995,132.9059564,1,5,5,TRUE,FALSE,"競争維持(競争者2グループ以上)"
"くすりのウェルネス 広島空港店",34.4401705,132.9183473,0,0,0,FALSE,FALSE,"重複なし(企業結合の影響なし)"
"ウェルネス宍道昭和店",35.4096682,132.9074133,0,3,3,FALSE,FALSE,"重複なし(企業結合の影響なし)"
"ウェルネス 宍道店",35.4048762,132.9000447,0,3,3,FALSE,FALSE,"重複なし(企業結合の影響なし)"
"ウォンツ 世羅店",34.5853597,133.0384655,0,2,2,FALSE,FALSE,"重複なし(企業結合の影響なし)"
"ウォンツ 庄原板橋店",34.8487486,133.01662059999998,0,4,4,FALSE,FALSE,"重複なし(企業結合の影響なし)"
"ウォンツ 庄原店",34.8569646,133.00847729999998,0,4,4,FALSE,FALSE,"重複なし(企業結合の影響なし)"
"ウェルネス 乃白南店",35.431802999999995,133.0499414,1,7,7,TRUE,FALSE,"競争維持(競争者2グループ以上)"
"ウェルネス 玉湯店",35.433628999999996,133.0131793,1,0,0,TRUE,TRUE,"懸念:独占化(結合後の競争者0)"
"ウォンツ アクロスプラザ三原店",34.395688,133.0798534,7,15,16,TRUE,FALSE,"競争維持(競争者2グループ以上)"
"ウォンツ 三原宮浦店",34.395142,133.064539,5,14,15,TRUE,FALSE,"競争維持(競争者2グループ以上)"
"ウォンツ 三原古浜店",34.397766,133.08955269999998,4,7,8,TRUE,FALSE,"競争維持(競争者2グループ以上)"
"くすりのレデイ 三原店",34.3925777,133.07837949999998,7,15,16,TRUE,FALSE,"競争維持(競争者2グループ以上)"
"ウェルネス 横田店",35.1774139,133.0876905,0,0,0,FALSE,FALSE,"重複なし(企業結合の影響なし)"
"ウェルネス 古志原５丁目店",35.4438161,133.079411,1,6,6,TRUE,FALSE,"競争維持(競争者2グループ以上)"
"ウェルネス 古志原5丁目店",35.44369040000001,133.0802002,0,6,6,FALSE,FALSE,"重複なし(企業結合の影響なし)"
"ウェルネス 上乃木店",35.4467131,133.06139969999998,1,8,8,TRUE,FALSE,"競争維持(競争者2グループ以上)"
"ウェルネス薬局 メディカルモール田和山店",35.4305732,133.05016369999998,1,5,5,TRUE,FALSE,"競争維持(競争者2グループ以上)"
"ウェルネス薬局 メディカルモール大庭店",35.4311144,133.0865193,0,3,3,FALSE,FALSE,"重複なし(企業結合の影響なし)"
"ウォンツ 御調店",34.512475699999996,133.14402769999998,0,0,0,FALSE,FALSE,"重複なし(企業結合の影響なし)"
"ウォンツ 上下店",34.7042717,133.1086384,0,0,0,FALSE,FALSE,"重複なし(企業結合の影響なし)"
"ウェルネス 東出雲店",35.4298754,133.1326951,0,2,3,FALSE,FALSE,"重複なし(企業結合の影響なし)"
"ウェルネス 馬潟店",35.4442896,133.11325109999999,0,1,1,FALSE,FALSE,"重複なし(企業結合の影響なし)"
"ウォンツ 府中店",34.5659001,133.2494644,2,4,4,TRUE,FALSE,"競争維持(競争者2グループ以上)"
"ウォンツ 府中高木店",34.5640984,133.2438467,2,4,4,TRUE,FALSE,"競争維持(競争者2グループ以上)"
"ウォンツ 福山松永店",34.445762099999996,133.252917,2,9,10,TRUE,FALSE,"競争維持(競争者2グループ以上)"
"ウォンツ 東城店",34.8939406,133.2760677,0,3,3,FALSE,FALSE,"重複なし(企業結合の影響なし)"
"ウォンツ ハピアス駅家店",34.5374407,133.33230799999998,2,10,10,TRUE,FALSE,"競争維持(競争者2グループ以上)"
"ウォンツ 福山加茂店",34.5570786,133.3457716,3,2,2,TRUE,FALSE,"競争維持(競争者2グループ以上)"
"ウォンツ 福山野上店",34.4747048,133.3670362,6,8,13,TRUE,FALSE,"競争維持(競争者2グループ以上)"
"ウォンツ 福山御船店",34.4882697,133.36949339999998,9,8,11,TRUE,FALSE,"競争維持(競争者2グループ以上)"
"ウォンツ アクロスプラザ神辺店",34.5476429,133.3818789,2,3,4,TRUE,FALSE,"競争維持(競争者2グループ以上)"
"くすりのレデイ 神辺店",34.546161999999995,133.357011,4,4,5,TRUE,FALSE,"競争維持(競争者2グループ以上)"
"くすりのレデイ神辺店資生堂コーナー",34.5453871,133.3567038,4,4,4,TRUE,FALSE,"競争維持(競争者2グループ以上)"
"ウォンツ 福山幕山店",34.5135594,133.43439519999998,3,4,4,TRUE,FALSE,"競争維持(競争者2グループ以上)"
"ウォンツ 福山伊勢丘店",34.503021499999996,133.4224341,5,9,11,TRUE,FALSE,"競争維持(競争者2グループ以上)"
"ウォンツ 平生店",33.9401224,132.06828959999999,2,3,3,TRUE,FALSE,"競争維持(競争者2グループ以上)"
"ウォンツ 柳井店",33.9658004,132.0998979,1,11,12,TRUE,FALSE,"競争維持(競争者2グループ以上)"
"ウォンツ 周東店",34.0901566,132.06195820000002,0,3,3,FALSE,FALSE,"重複なし(企業結合の影響なし)"
"ウォンツ フジ柳井店",33.976952499999996,132.1021807,0,10,11,FALSE,FALSE,"重複なし(企業結合の影響なし)"
"ウォンツ フジ南岩国店",34.1314628,132.1992831,1,4,5,TRUE,FALSE,"競争維持(競争者2グループ以上)"
"ウォンツ 西岩国店",34.1640744,132.19539509999998,0,6,7,FALSE,FALSE,"重複なし(企業結合の影響なし)"
"ウォンツ 岩国多田店",34.1729316,132.1585009,0,0,0,FALSE,FALSE,"重複なし(企業結合の影響なし)"
"ウォンツ 由宇店",34.04548700000001,132.212484,0,1,1,FALSE,FALSE,"重複なし(企業結合の影響なし)"
"ウォンツ 岩国保津店",34.081851,132.20776,0,1,1,FALSE,FALSE,"重複なし(企業結合の影響なし)"
"ウォンツ 南岩国店",34.1354664,132.20279539999999,1,4,5,TRUE,FALSE,"競争維持(競争者2グループ以上)"
"ウォンツ 岩国中津店",34.1540099,132.2160485,0,11,13,FALSE,FALSE,"重複なし(企業結合の影響なし)"
"ウォンツ 岩国室の木店",34.1700973,132.21313419999998,0,8,11,FALSE,FALSE,"重複なし(企業結合の影響なし)"
"ウォンツ 岩国まりふ店",34.1690209,132.2232754,0,8,11,FALSE,FALSE,"重複なし(企業結合の影響なし)"
"ウォンツ 大竹新町店",34.2144305,132.2215539,1,6,6,TRUE,FALSE,"競争維持(競争者2グループ以上)"
"くすりのレデイ 松柏店",33.46095,132.440616,0,6,8,FALSE,FALSE,"重複なし(企業結合の影響なし)"
"くすりのレデイ 北浜店",33.462157,132.420709,0,6,8,FALSE,FALSE,"重複なし(企業結合の影響なし)"
"ウォンツ 大柿店",34.1728199,132.4655048,1,2,2,TRUE,FALSE,"競争維持(競争者2グループ以上)"
"ウォンツ 江田島店",34.205053,132.4748371,0,1,1,FALSE,FALSE,"重複なし(企業結合の影響なし)"
"くすりのレデイ 吉田店",33.279388000000004,132.538432,0,1,1,FALSE,FALSE,"重複なし(企業結合の影響なし)"
"くすりのレデイ 宇和店",33.361001,132.515454,0,2,3,FALSE,FALSE,"重複なし(企業結合の影響なし)"
"くすりのレデイ 西大洲店",33.504301,132.527698,0,0,0,FALSE,FALSE,"重複なし(企業結合の影響なし)"
"くすりのレデイ 大洲店",33.517247999999995,132.548827,0,8,8,FALSE,FALSE,"重複なし(企業結合の影響なし)"
"ウォンツ呉光町店",34.2458279,132.538568,1,8,8,TRUE,FALSE,"競争維持(競争者2グループ以上)"
"くすりのレデイ 愛南店",32.9594902,132.5717365,0,3,3,FALSE,FALSE,"重複なし(企業結合の影響なし)"
"くすりのレデイ 宇和島中央店",33.221522,132.559509,1,16,21,TRUE,FALSE,"競争維持(競争者2グループ以上)"
"くすりのレデイ 寄松店",33.204022,132.55487399999998,0,11,15,FALSE,FALSE,"重複なし(企業結合の影響なし)"
"くすりのレデイ グラン北宇和島店",33.237269999999995,132.568285,1,11,13,TRUE,FALSE,"競争維持(競争者2グループ以上)"
"くすりのレデイ 東大洲店",33.5279125,132.5641745,0,13,14,FALSE,FALSE,"重複なし(企業結合の影響なし)"
"レデイ薬局 とみす店",33.5164973,132.5559413,0,10,11,FALSE,FALSE,"重複なし(企業結合の影響なし)"
"ウォンツ 音戸波多見店",34.1794669,132.5501396,0,0,0,FALSE,FALSE,"重複なし(企業結合の影響なし)"
"ウォンツ 呉中通店",34.246499199999995,132.565294,1,12,14,TRUE,FALSE,"競争維持(競争者2グループ以上)"
"ウォンツ薬局 呉共済病院前店",34.249375,132.558773,1,13,15,TRUE,FALSE,"競争維持(競争者2グループ以上)"
"ウォンツ 広白石店",34.228542499999996,132.63346239999998,2,13,13,TRUE,FALSE,"競争維持(競争者2グループ以上)"
"ウォンツ 広本町店",34.238120599999995,132.6229357,3,14,14,TRUE,FALSE,"競争維持(競争者2グループ以上)"
"ウォンツ 藤三広店",34.235777899999995,132.623203,3,14,14,TRUE,FALSE,"競争維持(競争者2グループ以上)"
"くすりのレデイ 広古新開店",34.237142,132.614115,3,12,12,TRUE,FALSE,"競争維持(競争者2グループ以上)"
"ウォンツ 藤三広薬局",34.2356972,132.6237119,3,14,14,TRUE,FALSE,"競争維持(競争者2グループ以上)"
"くすりのレデイ 内子店",33.548656,132.651152,0,3,3,FALSE,FALSE,"重複なし(企業結合の影響なし)"
"くすりのレデイ 宿毛長田店",32.935894999999995,132.719199,0,4,5,FALSE,FALSE,"重複なし(企業結合の影響なし)"
"くすりのレデイ 宿毛店",32.928822,132.70772499999998,0,4,5,FALSE,FALSE,"重複なし(企業結合の影響なし)"
"レデイいよ米湊調剤薬局",33.7491079,132.70259199999998,0,2,2,FALSE,FALSE,"重複なし(企業結合の影響なし)"
"くすりのレデイ フジ伊予店",33.757118999999996,132.705243,0,4,6,FALSE,FALSE,"重複なし(企業結合の影響なし)"
"くすりのレデイ 松前筒井店",33.78949,132.70598999999999,0,8,8,FALSE,FALSE,"重複なし(企業結合の影響なし)"
"くすりのレデイ 新空港通り店",33.837568,132.73975199999998,3,6,8,TRUE,FALSE,"競争維持(競争者2グループ以上)"
"くすりのレデイ 南斎院店",33.83141,132.72577099999998,1,11,12,TRUE,FALSE,"競争維持(競争者2グループ以上)"
"くすりのレデイ 空港通り店",33.828993,132.73842399999998,2,10,12,TRUE,FALSE,"競争維持(競争者2グループ以上)"
"くすりのレデイ 余戸店",33.817758999999995,132.726663,3,10,12,TRUE,FALSE,"競争維持(競争者2グループ以上)"
"くすりのレデイ 垣生店",33.809208,132.70318799999998,2,3,3,TRUE,FALSE,"競争維持(競争者2グループ以上)"
"くすりのレデイ土居田店",33.824835,132.74623,4,7,9,TRUE,FALSE,"競争維持(競争者2グループ以上)"
"くすりのレデイ 別府店",33.84827,132.722412,0,14,17,FALSE,FALSE,"重複なし(企業結合の影響なし)"
"くすりのレデイ 南江戸店",33.836549,132.746153,5,7,9,TRUE,FALSE,"競争維持(競争者2グループ以上)"
"くすりのレデイ 北斎院店",33.840477,132.728008,1,12,13,TRUE,FALSE,"競争維持(競争者2グループ以上)"
"くすりのレデイ久枝店",33.8704585,132.7411232,0,16,19,FALSE,FALSE,"重複なし(企業結合の影響なし)"
"くすりのレデイ 和気店",33.897043,132.736839,1,6,7,TRUE,FALSE,"競争維持(競争者2グループ以上)"
"くすりのレデイ 美沢店",33.850574,132.7478117,1,11,13,TRUE,FALSE,"競争維持(競争者2グループ以上)"
"くすりのレデイ 安城寺店",33.873664999999995,132.740801,0,14,16,FALSE,FALSE,"重複なし(企業結合の影響なし)"
"くすりのレデイ 松江店",33.856578,132.715168,0,14,17,FALSE,FALSE,"重複なし(企業結合の影響なし)"
"くすりのレデイ 三津店",33.868512,132.724533,0,15,16,FALSE,FALSE,"重複なし(企業結合の影響なし)"
"レデイ薬局 古三津店",33.8593268,132.72835179999998,1,19,24,TRUE,FALSE,"競争維持(競争者2グループ以上)"
"レデイ薬局 馬木店",33.8920187,132.7453606,1,7,8,TRUE,FALSE,"競争維持(競争者2グループ以上)"
"くすりのレデイハートショップ",33.8553874,132.71961900000002,0,14,17,FALSE,FALSE,"重複なし(企業結合の影響なし)"
"ウォンツ 川尻店",34.238149,132.70037059999999,0,1,1,FALSE,FALSE,"重複なし(企業結合の影響なし)"
"くすりのレデイ 砥部店",33.785047999999996,132.785712,0,8,10,FALSE,FALSE,"重複なし(企業結合の影響なし)"
"くすりのレデイ 砥部宮内店",33.754954,132.78971099999998,0,1,1,FALSE,FALSE,"重複なし(企業結合の影響なし)"
"レデイ薬局森松店",33.795727,132.79601,0,9,13,FALSE,FALSE,"重複なし(企業結合の影響なし)"
"レデイ薬局 日赤前店",33.847649700000005,132.7734602,2,9,10,TRUE,FALSE,"競争維持(競争者2グループ以上)"
"くすりのレデイ平和通り店",33.8473562,132.7639321,4,12,13,TRUE,FALSE,"競争維持(競争者2グループ以上)"
"くすりのレデイ 束本店",33.836192000000004,132.78737500000003,2,6,7,TRUE,FALSE,"競争維持(競争者2グループ以上)"
"くすりのレデイ 椿店",33.808411,132.766598,0,4,4,FALSE,FALSE,"重複なし(企業結合の影響なし)"
"くすりのレデイ 小栗店",33.827275,132.75863099999998,4,8,10,TRUE,FALSE,"競争維持(競争者2グループ以上)"
"くすりのレデイ 宮西店",33.845227,132.755271,5,12,15,TRUE,FALSE,"競争維持(競争者2グループ以上)"
"くすりのレデイ 藤原店",33.833025,132.759784,5,8,11,TRUE,FALSE,"競争維持(競争者2グループ以上)"
"くすりのレデイ 南久米店",33.812309,132.7956184,0,6,7,FALSE,FALSE,"重複なし(企業結合の影響なし)"
"レデイ薬局 拓川店",33.8255033,132.765624,5,8,10,TRUE,FALSE,"競争維持(競争者2グループ以上)"
"くすりのレデイ 道後石手店",33.843807,132.798054,2,6,6,TRUE,FALSE,"競争維持(競争者2グループ以上)"
"くすりのレデイ 桑原店",33.832282,132.792415,2,5,5,TRUE,FALSE,"競争維持(競争者2グループ以上)"
"くすりのレデイ 古川店",33.8142841,132.7614984,3,4,4,TRUE,FALSE,"競争維持(競争者2グループ以上)"
"くすりのレデイ 松末店",33.82700500000001,132.789561,1,6,7,TRUE,FALSE,"競争維持(競争者2グループ以上)"
"くすりのレデイ 東石井店",33.814271,132.778189,0,4,5,FALSE,FALSE,"重複なし(企業結合の影響なし)"
"レデイ薬局 椿店",33.8084135,132.76632709999998,0,4,4,FALSE,FALSE,"重複なし(企業結合の影響なし)"
"レデイ薬局 束本店",33.83657,132.78721,3,6,7,TRUE,FALSE,"競争維持(競争者2グループ以上)"
"くすりのレデイ 石井店",33.810939999999995,132.778804,0,4,8,FALSE,FALSE,"重複なし(企業結合の影響なし)"
"レデイ薬局 道後店",33.847519999999996,132.77648,2,10,11,TRUE,FALSE,"競争維持(競争者2グループ以上)"
"くすりのレデイ 松山店",33.844924,132.753133,5,12,15,TRUE,FALSE,"競争維持(競争者2グループ以上)"
"レデイ薬局 星の岡店",33.8179391,132.77877429999998,2,4,4,TRUE,FALSE,"競争維持(競争者2グループ以上)"
"くすりのレデイ 道後樋又店",33.853014,132.77236299999998,1,11,11,TRUE,FALSE,"競争維持(競争者2グループ以上)"
"くすりのレデイ 味酒店",33.850524,132.753806,2,15,17,TRUE,FALSE,"競争維持(競争者2グループ以上)"
"くすりのレデイ 問屋町店",33.8632509,132.7513459,1,14,14,TRUE,FALSE,"競争維持(競争者2グループ以上)"
"くすりのレデイ東長戸店",33.8708692,132.75279620000003,0,13,13,FALSE,FALSE,"重複なし(企業結合の影響なし)"
"くすりのレデイ 潮見店",33.881502999999995,132.750922,1,9,9,TRUE,FALSE,"競争維持(競争者2グループ以上)"
"くすりのレデイ 姫原店",33.867188999999996,132.758521,1,14,14,TRUE,FALSE,"競争維持(競争者2グループ以上)"
"レデイ薬局六軒家店",33.851404599999995,132.75178449999999,1,13,14,TRUE,FALSE,"競争維持(競争者2グループ以上)"
"くすりのレデイ 夏目店",33.946866,132.77497499999998,0,2,3,FALSE,FALSE,"重複なし(企業結合の影響なし)"
"くすりのレデイ 北条店",33.968441999999996,132.773386,0,3,3,FALSE,FALSE,"重複なし(企業結合の影響なし)"
"くすりのレデイ グラン重信店",33.796032,132.83551,2,5,5,TRUE,FALSE,"競争維持(競争者2グループ以上)"
"レデイ薬局 グラン重信店",33.796126,132.835455,2,5,5,TRUE,FALSE,"競争維持(競争者2グループ以上)"
"くすりのレデイ 鷹子店",33.809062,132.81367000000003,0,4,4,FALSE,FALSE,"重複なし(企業結合の影響なし)"
"くすりのレデイ 久米店",33.8096203,132.8063822,0,5,5,FALSE,FALSE,"重複なし(企業結合の影響なし)"
"くすりのレデイ 久米駅前店",33.817226,132.804235,0,4,5,FALSE,FALSE,"重複なし(企業結合の影響なし)"
"レデイ平井調剤薬局",33.8123432,132.8185741,1,4,4,TRUE,FALSE,"競争維持(競争者2グループ以上)"
"くすりのレデイ 志津川店",33.798015,132.87533,1,4,4,TRUE,FALSE,"競争維持(競争者2グループ以上)"
"ウォンツ 大崎上島店",34.2435465,132.89125780000003,0,0,0,FALSE,FALSE,"重複なし(企業結合の影響なし)"
"くすりのレデイ 中村店",32.989008,132.93861400000003,1,10,12,TRUE,FALSE,"競争維持(競争者2グループ以上)"
"くすりのレデイ 四万十店",32.98005,132.92036299999998,1,10,11,TRUE,FALSE,"競争維持(競争者2グループ以上)"
"ツルハドラッグ 四万十店",32.984451299999996,132.95352309999998,0,7,8,FALSE,FALSE,"重複なし(企業結合の影響なし)"
"くすりのレデイ 南宝来店",34.060794,132.99821,0,12,20,FALSE,FALSE,"重複なし(企業結合の影響なし)"
"くすりのレデイ 大新田店",34.081997,132.991231,0,9,9,FALSE,FALSE,"重複なし(企業結合の影響なし)"
"くすりのレデイ 阿方店",34.062005,132.965566,1,7,10,TRUE,FALSE,"競争維持(競争者2グループ以上)"
"くすりのレデイ 今治衣干店",34.045621000000004,133.013579,0,8,9,FALSE,FALSE,"重複なし(企業結合の影響なし)"
"くすりのレデイ 喜田村店",34.0454056,133.02039299999998,0,4,6,FALSE,FALSE,"重複なし(企業結合の影響なし)"
"くすりのレデイ 大島店",34.142238,133.04173699999998,0,0,0,FALSE,FALSE,"重複なし(企業結合の影響なし)"
"くすりのレデイ 東予店",33.932843,133.091941,0,8,8,FALSE,FALSE,"重複なし(企業結合の影響なし)"
"くすりのレデイ 丹原店",33.9058288,133.0597649,0,2,2,FALSE,FALSE,"重複なし(企業結合の影響なし)"
"くすりのレデイ 東予インター店",33.920750999999996,133.07782899999998,0,10,10,FALSE,FALSE,"重複なし(企業結合の影響なし)"
"くすりのレデイ氷見店",33.896636799999996,133.1258475,0,2,2,FALSE,FALSE,"重複なし(企業結合の影響なし)"
"くすりのレデイ神拝店",33.9159047,133.1767441,2,15,19,TRUE,FALSE,"競争維持(競争者2グループ以上)"
"くすりのレデイ 西条店",33.925205999999996,133.18276,2,18,21,TRUE,FALSE,"競争維持(競争者2グループ以上)"
"ツルハドラッグ 須崎西店",33.3886815,133.2792065,0,1,1,FALSE,FALSE,"重複なし(企業結合の影響なし)"
"ツルハドラッグ 佐川中央店",33.5015236,133.2958768,1,3,3,TRUE,FALSE,"競争維持(競争者2グループ以上)"
"くすりのレデイ 中萩店",33.931823,133.282187,4,11,17,TRUE,FALSE,"競争維持(競争者2グループ以上)"
"くすりのレデイ 新居浜店",33.967563,133.283423,4,11,17,TRUE,FALSE,"競争維持(競争者2グループ以上)"
"ツルハドラッグ 日高店",33.5339923,133.3686526,0,0,0,FALSE,FALSE,"重複なし(企業結合の影響なし)"
"ツルハドラッグ 高岡東店",33.494715299999996,133.4378415,1,4,4,TRUE,FALSE,"競争維持(競争者2グループ以上)"
"ツルハドラッグ いの店",33.550745,133.44244,0,0,0,FALSE,FALSE,"重複なし(企業結合の影響なし)"
"ツルハドラッグ 朝倉店",33.5438158,133.4858625,3,10,12,TRUE,FALSE,"競争維持(競争者2グループ以上)"
"ツルハドラッグ 高知西店",33.542110099999995,133.49957799999999,4,11,13,TRUE,FALSE,"競争維持(競争者2グループ以上)"
"調剤薬局ツルハドラッグ 高知西店",33.541799,133.49873499999998,4,11,13,TRUE,FALSE,"競争維持(競争者2グループ以上)"
"ツルハドラッグ 高知長浜店",33.4963652,133.5453533,1,5,6,TRUE,FALSE,"競争維持(競争者2グループ以上)"
"ツルハドラッグ 桟橋店",33.5514484,133.5459415,4,11,19,TRUE,FALSE,"競争維持(競争者2グループ以上)"
"ツルハドラッグ 高知和泉店",33.5708615,133.53897849999998,6,11,15,TRUE,FALSE,"競争維持(競争者2グループ以上)"
"くすりのレデイ 高知駅前店",33.56808,133.544823,4,14,22,TRUE,FALSE,"競争維持(競争者2グループ以上)"
"くすりのレデイ 三島店",33.982676999999995,133.540852,1,5,6,TRUE,FALSE,"競争維持(競争者2グループ以上)"
"レデイ薬局 三島金子店",33.98041,133.536765,1,6,7,TRUE,FALSE,"競争維持(競争者2グループ以上)"
"くすりのレデイ 葛島店",33.5582701,133.56549350000003,6,9,13,TRUE,FALSE,"競争維持(競争者2グループ以上)"
"くすりのレデイ 四国中央店",33.988405,133.5653,4,10,13,TRUE,FALSE,"競争維持(競争者2グループ以上)"
"くすりのレデイ川之江店",34.0055088,133.5718957,5,10,12,TRUE,FALSE,"競争維持(競争者2グループ以上)"
"ツルハドラッグ 南国店",33.5672013,133.6481958,1,10,12,TRUE,FALSE,"競争維持(競争者2グループ以上)"
"ツルハドラッグ 南国岡豊店",33.5977076,133.6136238,0,1,1,FALSE,FALSE,"重複なし(企業結合の影響なし)"
"ツルハドラッグ 南国中央店",33.5750926,133.6402937,1,10,13,TRUE,FALSE,"競争維持(競争者2グループ以上)"
"くすりのレデイ 野市店",33.560952,133.696634,1,4,4,TRUE,FALSE,"競争維持(競争者2グループ以上)"
"くすりのレデイ 土佐山田店",33.602720999999995,133.686661,0,6,8,FALSE,FALSE,"重複なし(企業結合の影響なし)"
"くすりのレデイ柞田店",34.111078,133.6723041,1,3,5,TRUE,FALSE,"競争維持(競争者2グループ以上)"
